date_time,SC(uS),Turb(FNU),DO(mg/L)
2017-02-25 00:00,487,1.5,8.9
2017-02-25 00:15,488,1.8,8.8
2017-02-25 00:30,489,2.0,8.7
2017-02-25 00:45,487,1.8,8.6
2017-02-25 01:00,488,1.4,8.6
2017-02-25 01:15,488,2.4,8.5
2017-02-25 01:30,488,1.4,8.4
2017-02-25 01:45,489,1.8,8.4
2017-02-25 02:00,492,1.6,8.3
2017-02-25 02:15,491,1.8,8.3
2017-02-25 02:30,491,1.7,8.2
2017-02-25 02:45,492,1.6,8.2
2017-02-25 03:00,492,4.1,8.1
2017-02-25 03:15,491,1.8,8.1
2017-02-25 03:30,492,1.8,8.1
2017-02-25 03:45,493,2.1,8.0
2017-02-25 04:00,490,1.6,8.0
2017-02-25 04:15,489,1.7,8.0
2017-02-25 04:30,490,2.2,8.0
2017-02-25 04:45,493,1.5,8.0
2017-02-25 05:00,494,2.1,7.9
2017-02-25 05:15,496,2.0,7.9
2017-02-25 05:30,495,1.9,7.9
2017-02-25 05:45,495,1.5,7.9
2017-02-25 06:00,495,2.0,7.9
2017-02-25 06:15,496,1.6,7.9
2017-02-25 06:30,495,1.5,7.9
2017-02-25 06:45,494,1.5,7.9
2017-02-25 07:00,495,1.7,7.9
2017-02-25 07:15,495,1.3,7.9
2017-02-25 07:30,498,1.4,7.9
2017-02-25 07:45,496,1.2,8.0
2017-02-25 08:00,500,1.1,8.0
2017-02-25 08:15,497,1.2,8.1
2017-02-25 08:30,498,1.1,8.2
2017-02-25 08:45,499,1.1,8.4
2017-02-25 09:00,499,1.0,8.5
2017-02-25 09:15,499,1.1,8.6
2017-02-25 09:30,500,1.1,8.6
2017-02-25 09:45,500,1.0,8.6
2017-02-25 10:00,501,1.1,8.6
2017-02-25 10:15,501,0.9,8.8
2017-02-25 10:30,501,0.8,8.9
2017-02-25 10:45,500,0.9,9.1
2017-02-25 11:00,501,1.0,9.2
2017-02-25 11:15,501,0.8,9.2
2017-02-25 11:30,503,0.8,9.2
2017-02-25 11:45,503,1.0,9.3
2017-02-25 12:00,503,1.0,9.5
2017-02-25 12:15,503,0.8,9.5
2017-02-25 12:30,503,0.9,9.7
2017-02-25 12:45,503,1.0,9.8
2017-02-25 13:00,504,0.9,9.9
2017-02-25 13:15,504,1.2,9.9
2017-02-25 13:30,504,1.0,9.8
2017-02-25 13:45,505,0.8,9.7
2017-02-25 14:00,505,0.9,9.6
2017-02-25 14:15,505,1.1,9.7
2017-02-25 14:30,505,1.0,9.8
2017-02-25 14:45,505,0.8,9.9
2017-02-25 15:00,505,1.0,10.0
2017-02-25 15:15,505,1.1,9.9
2017-02-25 15:30,505,1.0,9.9
2017-02-25 15:45,506,1.1,9.8
2017-02-25 16:00,505,0.9,9.9
2017-02-25 16:15,505,1.1,10.0
2017-02-25 16:30,505,1.0,10.1
2017-02-25 16:45,504,0.9,10.1
2017-02-25 17:00,504,1.0,10.1
2017-02-25 17:15,504,0.9,10.0
2017-02-25 17:30,504,1.1,9.9
2017-02-25 17:45,504,0.9,9.9
2017-02-25 18:00,503,1.3,9.9
2017-02-25 18:15,503,0.9,9.8
2017-02-25 18:30,504,1.1,9.8
2017-02-25 18:45,504,1.5,9.7
2017-02-25 19:00,503,1.6,9.6
2017-02-25 19:15,503,2.1,9.5
2017-02-25 19:30,502,1.4,9.5
2017-02-25 19:45,502,1.6,9.4
2017-02-25 20:00,501,1.6,9.4
2017-02-25 20:15,501,1.4,9.3
2017-02-25 20:30,501,1.5,9.3
2017-02-25 20:45,500,1.6,9.3
2017-02-25 21:00,500,1.4,9.2
2017-02-25 21:15,499,1.7,9.2
2017-02-25 21:30,497,1.5,9.2
2017-02-25 21:45,497,1.7,9.1
2017-02-25 22:00,497,1.6,9.1
2017-02-25 22:15,497,1.9,9.1
2017-02-25 22:30,497,1.7,9.1
2017-02-25 22:45,497,1.6,9.0
2017-02-25 23:00,496,1.6,9.0
2017-02-25 23:15,495,1.5,9.0
2017-02-25 23:30,495,1.6,8.9
2017-02-25 23:45,495,1.7,8.9
2017-02-26 00:00,495,1.7,8.9
2017-02-26 00:15,495,2.7,8.9
2017-02-26 00:30,495,1.8,8.8
2017-02-26 00:45,495,1.8,8.8
2017-02-26 01:00,494,1.6,8.8
2017-02-26 01:15,494,1.6,8.8
2017-02-26 01:30,494,1.5,8.8
2017-02-26 01:45,494,1.9,8.8
2017-02-26 02:00,494,1.8,8.8
2017-02-26 02:15,494,1.6,8.7
2017-02-26 02:30,494,1.8,8.7
2017-02-26 02:45,493,2.2,8.7
2017-02-26 03:00,494,1.6,8.7
2017-02-26 03:15,493,1.7,8.7
2017-02-26 03:30,493,1.6,8.7
2017-02-26 03:45,494,1.5,8.7
2017-02-26 04:00,493,1.7,8.7
2017-02-26 04:15,493,1.6,8.7
2017-02-26 04:30,494,1.9,8.7
2017-02-26 04:45,494,1.7,8.7
2017-02-26 05:00,494,1.6,8.7
2017-02-26 05:15,494,1.5,8.7
2017-02-26 05:30,495,1.6,8.8
2017-02-26 05:45,495,1.7,8.8
2017-02-26 06:00,495,1.6,8.8
2017-02-26 06:15,495,1.7,8.8
2017-02-26 06:30,495,1.5,8.8
2017-02-26 06:45,495,1.5,8.8
2017-02-26 07:00,496,1.6,8.8
2017-02-26 07:15,497,1.2,8.9
2017-02-26 07:30,498,1.2,8.9
2017-02-26 07:45,497,1.1,8.9
2017-02-26 08:00,498,1.3,9.0
2017-02-26 08:15,499,1.1,9.1
2017-02-26 08:30,498,1.1,9.2
2017-02-26 08:45,499,1.7,9.3
2017-02-26 09:00,496,1.0,9.4
2017-02-26 09:15,497,1.1,9.5
2017-02-26 09:30,500,1.5,9.6
2017-02-26 09:45,500,1.0,9.7
2017-02-26 10:00,501,1.1,9.9
2017-02-26 10:15,501,1.0,10.0
2017-02-26 10:30,501,0.9,10.1
2017-02-26 10:45,501,1.2,10.3
2017-02-26 11:00,501,1.1,10.4
2017-02-26 11:15,501,1.0,10.6
2017-02-26 11:30,502,1.0,10.7
2017-02-26 11:45,502,0.9,10.9
2017-02-26 12:00,502,0.8,11.0
2017-02-26 12:15,502,0.8,11.1
2017-02-26 12:30,503,0.7,11.2
2017-02-26 12:45,503,0.7,11.3
2017-02-26 13:00,503,0.7,11.4
2017-02-26 13:15,503,1.1,11.5
2017-02-26 13:30,502,1.0,11.6
2017-02-26 13:45,502,1.0,11.7
2017-02-26 14:00,502,0.9,11.7
2017-02-26 14:15,502,0.9,11.8
2017-02-26 14:30,503,0.9,11.8
2017-02-26 14:45,503,0.9,11.9
2017-02-26 15:00,503,0.9,11.9
2017-02-26 15:15,503,0.8,11.9
2017-02-26 15:30,503,0.7,11.9
2017-02-26 15:45,503,0.7,11.9
2017-02-26 16:00,504,0.8,11.9
2017-02-26 16:15,504,0.8,11.8
2017-02-26 16:30,504,0.8,11.8
2017-02-26 16:45,504,0.9,11.7
2017-02-26 17:00,504,0.9,11.7
2017-02-26 17:15,504,1.0,11.6
2017-02-26 17:30,505,0.7,11.6
2017-02-26 17:45,505,0.8,11.5
2017-02-26 18:00,504,0.8,11.4
2017-02-26 18:15,506,0.8,11.4
2017-02-26 18:30,506,0.8,11.3
2017-02-26 18:45,506,0.8,11.2
2017-02-26 19:00,504,1.1,11.2
2017-02-26 19:15,505,0.9,11.1
2017-02-26 19:30,506,1.1,11.0
2017-02-26 19:45,506,1.4,11.0
2017-02-26 20:00,506,1.4,10.9
2017-02-26 20:15,506,1.4,10.9
2017-02-26 20:30,505,1.4,10.9
2017-02-26 20:45,504,1.4,10.8
2017-02-26 21:00,504,1.4,10.8
2017-02-26 21:15,504,1.6,10.8
2017-02-26 21:30,504,1.3,10.7
2017-02-26 21:45,504,1.5,10.7
2017-02-26 22:00,503,1.5,10.7
2017-02-26 22:15,503,1.4,10.6
2017-02-26 22:30,502,1.5,10.6
2017-02-26 22:45,503,1.6,10.6
2017-02-26 23:00,503,1.6,10.5
2017-02-26 23:15,502,1.5,10.5
2017-02-26 23:30,502,1.4,10.5
2017-02-26 23:45,502,1.4,10.4
2017-02-27 00:00,502,1.4,10.4
2017-02-27 00:15,502,1.2,10.3
2017-02-27 00:30,503,1.5,10.3
2017-02-27 00:45,503,1.3,10.3
2017-02-27 01:00,502,2.0,10.2
2017-02-27 01:15,504,1.7,10.2
2017-02-27 01:30,504,1.5,10.1
2017-02-27 01:45,504,2.0,10.1
2017-02-27 02:00,504,1.5,10.1
2017-02-27 02:15,503,1.5,10.1
2017-02-27 02:30,504,1.5,10.0
2017-02-27 02:45,504,1.6,10.0
2017-02-27 03:00,503,1.6,10.0
2017-02-27 03:15,504,1.4,10.0
2017-02-27 03:30,504,1.4,10.0
2017-02-27 03:45,504,1.7,10.0
2017-02-27 04:00,505,1.4,10.0
2017-02-27 04:15,505,1.5,10.0
2017-02-27 04:30,505,1.5,9.9
2017-02-27 04:45,505,1.5,9.9
2017-02-27 05:00,505,1.5,9.9
2017-02-27 05:15,505,1.7,9.9
2017-02-27 05:30,505,1.6,9.9
2017-02-27 05:45,505,1.4,9.9
2017-02-27 06:00,505,1.4,9.9
2017-02-27 06:15,505,1.4,9.9
2017-02-27 06:30,503,1.5,9.9
2017-02-27 06:45,503,1.4,10.0
2017-02-27 07:00,504,1.8,10.0
2017-02-27 07:15,504,1.3,10.0
2017-02-27 07:30,504,1.2,10.0
2017-02-27 07:45,505,1.4,10.1
2017-02-27 08:00,505,1.3,10.1
2017-02-27 08:15,505,1.1,10.2
2017-02-27 08:30,505,1.2,10.3
2017-02-27 08:45,505,1.5,10.4
2017-02-27 09:00,505,1.2,10.5
2017-02-27 09:15,505,1.3,10.6
2017-02-27 09:30,503,1.3,10.6
2017-02-27 09:45,507,1.8,10.7
2017-02-27 10:00,506,1.2,10.8
2017-02-27 10:15,508,1.2,10.8
2017-02-27 10:30,508,1.1,10.9
2017-02-27 10:45,508,1.1,11.0
2017-02-27 11:00,508,1.1,11.1
2017-02-27 11:15,506,0.9,11.2
2017-02-27 11:30,508,0.9,11.3
2017-02-27 11:45,505,0.9,11.3
2017-02-27 12:00,505,0.8,11.4
2017-02-27 12:15,505,0.9,11.5
2017-02-27 12:30,505,0.8,11.6
2017-02-27 12:45,506,0.8,11.7
2017-02-27 13:00,506,0.7,11.7
2017-02-27 13:15,506,0.8,11.8
2017-02-27 13:30,506,0.7,11.9
2017-02-27 13:45,506,0.8,12.0
2017-02-27 14:00,506,0.7,12.0
2017-02-27 14:15,507,1.0,12.1
2017-02-27 14:30,506,1.0,12.1
2017-02-27 14:45,507,0.9,12.2
2017-02-27 15:00,507,0.9,12.3
2017-02-27 15:15,507,1.1,12.3
2017-02-27 15:30,507,1.1,12.4
2017-02-27 15:45,507,0.9,12.4
2017-02-27 16:00,507,0.8,12.4
2017-02-27 16:15,507,1.0,12.4
2017-02-27 16:30,507,1.2,12.3
2017-02-27 16:45,507,0.7,12.3
2017-02-27 17:00,507,0.8,12.2
2017-02-27 17:15,507,0.9,12.2
2017-02-27 17:30,507,0.9,12.1
2017-02-27 17:45,508,0.8,12.1
2017-02-27 18:00,508,0.8,12.0
2017-02-27 18:15,508,0.7,12.0
2017-02-27 18:30,508,0.8,11.9
2017-02-27 18:45,508,0.9,11.9
2017-02-27 19:00,508,1.0,11.8
2017-02-27 19:15,507,1.0,11.8
2017-02-27 19:30,508,1.1,11.7
2017-02-27 19:45,507,1.4,11.7
2017-02-27 20:00,507,1.1,11.6
2017-02-27 20:15,507,1.1,11.5
2017-02-27 20:30,507,1.4,11.5
2017-02-27 20:45,507,1.2,11.5
2017-02-27 21:00,507,1.2,11.4
2017-02-27 21:15,506,1.2,11.4
2017-02-27 21:30,507,1.1,11.3
2017-02-27 21:45,506,1.2,11.3
2017-02-27 22:00,506,1.2,11.2
2017-02-27 22:15,506,1.2,11.2
2017-02-27 22:30,506,1.1,11.1
2017-02-27 22:45,506,1.2,11.1
2017-02-27 23:00,505,1.2,11.0
2017-02-27 23:15,505,1.2,11.0
2017-02-27 23:30,505,1.0,10.9
2017-02-27 23:45,505,1.3,10.9
2017-02-28 00:00,505,1.3,10.9
2017-02-28 00:15,504,1.1,10.8
2017-02-28 00:30,505,1.3,10.8
2017-02-28 00:45,504,1.7,10.8
2017-02-28 01:00,504,1.5,10.7
2017-02-28 01:15,504,1.1,10.7
2017-02-28 01:30,504,1.2,10.6
2017-02-28 01:45,504,1.3,10.6
2017-02-28 02:00,504,1.3,10.6
2017-02-28 02:15,504,1.3,10.5
2017-02-28 02:30,504,1.2,10.5
2017-02-28 02:45,504,1.2,10.5
2017-02-28 03:00,504,1.3,10.4
2017-02-28 03:15,504,2.8,10.4
2017-02-28 03:30,504,1.4,10.4
2017-02-28 03:45,504,1.3,10.4
2017-02-28 04:00,504,1.3,10.3
2017-02-28 04:15,504,1.2,10.3
2017-02-28 04:30,504,1.4,10.3
2017-02-28 04:45,504,1.5,10.3
2017-02-28 05:00,504,1.5,10.3
2017-02-28 05:15,504,1.9,10.3
2017-02-28 05:30,504,1.6,10.3
2017-02-28 05:45,504,1.3,10.3
2017-02-28 06:00,504,1.5,10.3
2017-02-28 06:15,504,1.3,10.2
2017-02-28 06:30,504,1.7,10.2
2017-02-28 06:45,504,1.7,10.2
2017-02-28 07:00,505,1.3,10.3
2017-02-28 07:15,505,1.3,10.3
2017-02-28 07:30,505,1.3,10.3
2017-02-28 07:45,505,1.2,10.3
2017-02-28 08:00,505,2.4,10.4
2017-02-28 08:15,505,1.2,10.4
2017-02-28 08:30,506,1.4,10.5
2017-02-28 08:45,506,1.1,10.6
2017-02-28 09:00,506,1.2,10.7
2017-02-28 09:15,506,1.0,10.8
2017-02-28 09:30,506,1.1,10.9
2017-02-28 09:45,506,1.0,11.0
2017-02-28 10:00,506,1.0,11.1
2017-02-28 10:15,506,1.0,11.2
2017-02-28 10:30,506,1.0,11.3
2017-02-28 10:45,506,0.9,11.4
2017-02-28 11:00,506,0.9,11.5
2017-02-28 11:15,507,0.8,11.6
2017-02-28 11:30,507,0.9,11.6
2017-02-28 11:45,507,0.8,11.6
2017-02-28 12:00,507,0.7,11.7
2017-02-28 12:15,508,0.8,11.8
2017-02-28 12:30,507,0.7,11.9
2017-02-28 12:45,508,0.7,12.0
2017-02-28 13:00,508,0.7,12.0
2017-02-28 13:15,508,0.8,12.0
2017-02-28 13:30,509,0.7,12.0
2017-02-28 13:45,509,0.7,12.0
2017-02-28 14:00,510,0.7,12.0
2017-02-28 14:15,510,1.0,12.0
2017-02-28 14:30,510,0.8,12.0
2017-02-28 14:45,510,0.9,12.0
2017-02-28 15:00,510,1.3,12.0
2017-02-28 15:15,511,0.8,12.0
2017-02-28 15:30,511,0.8,11.9
2017-02-28 15:45,511,0.7,11.9
2017-02-28 16:00,511,0.9,11.8
2017-02-28 16:15,511,0.9,11.8
2017-02-28 16:30,510,1.0,11.7
2017-02-28 16:45,509,1.0,11.7
2017-02-28 17:00,509,1.1,11.7
2017-02-28 17:15,510,1.3,11.6
2017-02-28 17:30,509,1.6,11.6
2017-02-28 17:45,509,0.9,11.6
2017-02-28 18:00,509,0.9,11.5
2017-02-28 18:15,509,1.0,11.5
2017-02-28 18:30,509,0.8,11.4
2017-02-28 18:45,508,1.0,11.4
2017-02-28 19:00,508,0.9,11.4
2017-02-28 19:15,507,0.9,11.3
2017-02-28 19:30,508,1.0,11.3
2017-02-28 19:45,508,1.2,11.2
2017-02-28 20:00,508,1.0,11.2
2017-02-28 20:15,507,1.4,11.2
2017-02-28 20:30,507,1.2,11.1
2017-02-28 20:45,507,1.4,11.1
2017-02-28 21:00,507,1.3,11.0
2017-02-28 21:15,506,1.3,11.0
2017-02-28 21:30,506,1.5,11.0
2017-02-28 21:45,506,1.3,10.9
2017-02-28 22:00,503,1.2,10.9
2017-02-28 22:15,505,1.3,10.8
2017-02-28 22:30,505,1.1,10.8
2017-02-28 22:45,505,1.3,10.7
2017-02-28 23:00,505,2.1,10.7
2017-02-28 23:15,505,1.7,10.7
2017-02-28 23:30,505,1.4,10.6
2017-02-28 23:45,505,1.6,10.6
2017-03-01 00:00,502,1.2,10.5
2017-03-01 00:15,504,1.7,10.5
2017-03-01 00:30,503,1.2,10.4
2017-03-01 00:45,505,1.3,10.4
2017-03-01 01:00,505,1.2,10.4
2017-03-01 01:15,505,1.4,10.3
2017-03-01 01:30,504,1.2,10.3
2017-03-01 01:45,504,1.2,10.3
2017-03-01 02:00,503,1.2,10.3
2017-03-01 02:15,503,1.3,10.2
2017-03-01 02:30,503,1.3,10.2
2017-03-01 02:45,503,2.0,10.2
2017-03-01 03:00,502,1.6,10.1
2017-03-01 03:15,503,1.5,10.1
2017-03-01 03:30,502,1.5,10.1
2017-03-01 03:45,502,1.7,10.1
2017-03-01 04:00,501,1.4,10.1
2017-03-01 04:15,501,1.5,10.0
2017-03-01 04:30,501,1.4,10.0
2017-03-01 04:45,501,1.5,10.0
2017-03-01 05:00,501,1.5,10.0
2017-03-01 05:15,500,2.2,10.0
2017-03-01 05:30,501,1.5,10.0
2017-03-01 05:45,501,1.4,9.9
2017-03-01 06:00,501,1.4,9.9
2017-03-01 06:15,501,1.4,9.9
2017-03-01 06:30,501,1.9,9.9
2017-03-01 06:45,502,1.5,9.9
2017-03-01 07:00,502,1.8,9.9
2017-03-01 07:15,502,1.4,9.8
2017-03-01 07:30,502,1.4,9.8
2017-03-01 07:45,502,1.6,9.8
2017-03-01 08:00,502,1.5,9.8
2017-03-01 08:15,503,1.3,9.9
2017-03-01 08:30,503,1.3,9.9
2017-03-01 08:45,503,1.1,9.9
2017-03-01 09:00,503,1.2,10.0
2017-03-01 09:15,503,1.2,10.0
2017-03-01 09:30,503,2.2,10.1
2017-03-01 09:45,504,1.0,10.2
2017-03-01 10:00,503,0.9,10.3
2017-03-01 10:15,504,1.1,10.4
2017-03-01 10:30,503,1.0,10.5
2017-03-01 10:45,503,1.1,10.6
2017-03-01 11:00,504,1.1,10.7
2017-03-01 11:15,504,0.9,10.8
2017-03-01 11:30,503,1.0,10.9
2017-03-01 11:45,503,1.0,11.0
2017-03-01 12:00,504,1.0,11.1
2017-03-01 12:15,503,0.9,11.2
2017-03-01 12:30,504,1.0,11.3
2017-03-01 12:45,503,1.4,11.3
2017-03-01 13:00,502,1.1,11.3
2017-03-01 13:15,503,1.1,11.3
2017-03-01 13:30,503,2.1,11.3
2017-03-01 13:45,503,1.2,11.3
2017-03-01 14:00,503,1.1,11.3
2017-03-01 14:15,503,1.1,11.3
2017-03-01 14:30,503,1.1,11.2
2017-03-01 14:45,503,1.0,11.2
2017-03-01 15:00,503,1.1,11.2
2017-03-01 15:15,503,0.9,11.2
2017-03-01 15:30,503,1.3,11.2
2017-03-01 15:45,504,1.0,11.2
2017-03-01 16:00,504,0.9,11.2
2017-03-01 16:15,504,1.0,11.1
2017-03-01 16:30,504,1.1,11.1
2017-03-01 16:45,504,0.9,11.0
2017-03-01 17:00,505,0.9,11.0
2017-03-01 17:15,505,0.8,10.9
2017-03-01 17:30,506,0.8,10.9
2017-03-01 17:45,506,1.0,10.8
2017-03-01 18:00,506,0.9,10.7
2017-03-01 18:15,506,0.9,10.7
2017-03-01 18:30,505,1.1,10.6
2017-03-01 18:45,505,1.1,10.5
2017-03-01 19:00,506,1.6,10.5
2017-03-01 19:15,505,1.2,10.4
2017-03-01 19:30,506,1.3,10.4
2017-03-01 19:45,503,1.3,10.3
2017-03-01 20:00,504,1.3,10.3
2017-03-01 20:15,504,1.3,10.2
2017-03-01 20:30,506,1.2,10.2
2017-03-01 20:45,505,1.5,10.1
2017-03-01 21:00,505,1.4,10.0
2017-03-01 21:15,504,1.5,10.0
2017-03-01 21:30,504,1.8,9.9
2017-03-01 21:45,504,1.5,9.9
2017-03-01 22:00,503,1.8,9.8
2017-03-01 22:15,503,1.3,9.8
2017-03-01 22:30,503,1.9,9.7
2017-03-01 22:45,504,1.3,9.7
2017-03-01 23:00,503,1.6,9.6
2017-03-01 23:15,504,1.4,9.6
2017-03-01 23:30,504,1.6,9.6
2017-03-01 23:45,505,1.7,9.5
2017-03-02 00:00,505,3.0,9.5
2017-03-02 00:15,506,1.8,9.5
2017-03-02 00:30,506,2.8,9.4
2017-03-02 00:45,507,1.7,9.4
2017-03-02 01:00,508,1.4,9.4
2017-03-02 01:15,509,2.3,9.3
2017-03-02 01:30,510,1.5,9.3
2017-03-02 01:45,511,1.7,9.3
2017-03-02 02:00,511,1.7,9.3
2017-03-02 02:15,511,1.9,9.3
2017-03-02 02:30,513,1.6,9.3
2017-03-02 02:45,513,1.6,9.2
2017-03-02 03:00,514,2.1,9.2
2017-03-02 03:15,515,2.2,9.2
2017-03-02 03:30,513,1.9,9.2
2017-03-02 03:45,515,1.7,9.2
2017-03-02 04:00,515,1.9,9.2
2017-03-02 04:15,514,1.6,9.2
2017-03-02 04:30,514,2.0,9.2
2017-03-02 04:45,514,2.0,9.2
2017-03-02 05:00,514,2.2,9.2
2017-03-02 05:15,514,1.8,9.2
2017-03-02 05:30,513,1.7,9.2
2017-03-02 05:45,513,1.7,9.2
2017-03-02 06:00,512,1.5,9.2
2017-03-02 06:15,512,2.1,9.2
2017-03-02 06:30,510,2.3,9.2
2017-03-02 06:45,509,1.5,9.2
2017-03-02 07:00,508,1.6,9.2
2017-03-02 07:15,508,1.4,9.2
2017-03-02 07:30,508,1.2,9.2
2017-03-02 07:45,508,1.3,9.3
2017-03-02 08:00,507,1.7,9.3
2017-03-02 08:15,507,1.3,9.4
2017-03-02 08:30,506,1.3,9.5
2017-03-02 08:45,506,1.4,9.5
2017-03-02 09:00,506,1.3,9.6
2017-03-02 09:15,506,1.3,9.7
2017-03-02 09:30,505,1.2,9.8
2017-03-02 09:45,506,1.0,9.9
2017-03-02 10:00,506,1.1,10.0
2017-03-02 10:15,505,0.9,10.2
2017-03-02 10:30,506,0.8,10.3
2017-03-02 10:45,505,0.8,10.4
2017-03-02 11:00,505,0.9,10.5
2017-03-02 11:15,505,0.8,10.6
2017-03-02 11:30,505,0.8,10.7
2017-03-02 11:45,505,0.7,10.8
2017-03-02 12:00,505,1.1,10.9
2017-03-02 12:15,505,0.8,11.0
2017-03-02 12:30,505,0.9,11.1
2017-03-02 12:45,505,0.8,11.2
2017-03-02 13:00,505,0.7,11.3
2017-03-02 13:15,505,0.7,11.4
2017-03-02 13:30,504,0.9,11.5
2017-03-02 13:45,504,0.9,11.5
2017-03-02 14:00,504,0.7,11.6
2017-03-02 14:15,504,0.8,11.6
2017-03-02 14:30,504,1.0,11.7
2017-03-02 14:45,504,1.3,11.7
2017-03-02 15:00,504,1.1,11.7
2017-03-02 15:15,504,0.8,11.7
2017-03-02 15:30,504,0.8,11.8
2017-03-02 15:45,504,0.7,11.7
2017-03-02 16:00,504,0.8,11.7
2017-03-02 16:15,504,1.0,11.7
2017-03-02 16:30,504,0.8,11.7
2017-03-02 16:45,504,1.1,11.7
2017-03-02 17:00,504,1.2,11.7
2017-03-02 17:15,504,1.7,11.6
2017-03-02 17:30,504,1.0,11.6
2017-03-02 17:45,504,1.1,11.5
2017-03-02 18:00,504,0.9,11.5
2017-03-02 18:15,504,1.0,11.4
2017-03-02 18:30,504,1.0,11.3
2017-03-02 18:45,505,0.9,11.3
2017-03-02 19:00,503,1.1,11.2
2017-03-02 19:15,502,1.1,11.1
2017-03-02 19:30,503,1.0,11.1
2017-03-02 19:45,503,1.2,11.0
2017-03-02 20:00,503,1.3,11.0
2017-03-02 20:15,503,1.2,10.9
2017-03-02 20:30,502,1.2,10.9
2017-03-02 20:45,503,1.6,10.8
2017-03-02 21:00,503,1.5,10.8
2017-03-02 21:15,502,2.3,10.7
2017-03-02 21:30,502,1.3,10.7
2017-03-02 21:45,502,1.8,10.7
2017-03-02 22:00,502,1.8,10.6
2017-03-02 22:15,502,1.6,10.6
2017-03-02 22:30,500,1.4,10.5
2017-03-02 22:45,502,1.6,10.5
2017-03-02 23:00,501,1.5,10.5
2017-03-02 23:15,502,1.4,10.4
2017-03-02 23:30,501,1.4,10.4
2017-03-02 23:45,501,1.7,10.4
2017-03-03 00:00,501,1.5,10.3
2017-03-03 00:15,501,1.5,10.3
2017-03-03 00:30,501,1.4,10.3
2017-03-03 00:45,501,1.3,10.2
2017-03-03 01:00,501,1.4,10.2
2017-03-03 01:15,502,1.4,10.2
2017-03-03 01:30,502,1.4,10.2
2017-03-03 01:45,502,1.5,10.1
2017-03-03 02:00,502,1.5,10.1
2017-03-03 02:15,502,1.5,10.1
2017-03-03 02:30,501,1.4,10.1
2017-03-03 02:45,502,1.7,10.1
2017-03-03 03:00,502,1.5,10.1
2017-03-03 03:15,502,1.9,10.0
2017-03-03 03:30,502,1.4,10.0
2017-03-03 03:45,502,1.6,10.0
2017-03-03 04:00,502,1.7,10.0
2017-03-03 04:15,502,1.5,10.0
2017-03-03 04:30,502,1.7,10.0
2017-03-03 04:45,503,1.4,10.0
2017-03-03 05:00,503,1.5,10.0
2017-03-03 05:15,503,1.8,9.9
2017-03-03 05:30,503,1.5,9.9
2017-03-03 05:45,504,1.5,9.9
2017-03-03 06:00,504,1.5,9.9
2017-03-03 06:15,504,1.5,9.9
2017-03-03 06:30,505,1.6,9.9
2017-03-03 06:45,505,1.5,9.9
2017-03-03 07:00,503,1.5,9.9
2017-03-03 07:15,505,1.3,9.9
2017-03-03 07:30,505,1.2,10.0
2017-03-03 07:45,505,1.3,10.0
2017-03-03 08:00,506,1.7,10.1
2017-03-03 08:15,506,1.4,10.1
2017-03-03 08:30,506,1.3,10.2
2017-03-03 08:45,507,1.2,10.2
2017-03-03 09:00,507,1.4,10.2
2017-03-03 09:15,505,1.2,10.3
2017-03-03 09:30,507,1.3,10.4
2017-03-03 09:45,507,1.8,10.5
2017-03-03 10:00,507,1.1,10.6
2017-03-03 10:15,507,1.0,10.7
2017-03-03 10:30,507,0.9,10.8
2017-03-03 10:45,507,1.1,10.9
2017-03-03 11:00,508,0.9,10.9
2017-03-03 11:15,508,1.0,11.0
2017-03-03 11:30,508,0.8,11.1
2017-03-03 11:45,506,1.0,11.2
2017-03-03 12:00,507,0.7,11.3
2017-03-03 12:15,507,0.8,11.4
2017-03-03 12:30,508,1.3,11.5
2017-03-03 12:45,507,1.0,11.5
2017-03-03 13:00,507,1.1,11.6
2017-03-03 13:15,507,0.8,11.7
2017-03-03 13:30,507,0.8,11.8
2017-03-03 13:45,507,0.7,11.8
2017-03-03 14:00,507,1.0,11.9
2017-03-03 14:15,507,0.7,12.0
2017-03-03 14:30,507,0.9,12.0
2017-03-03 14:45,507,0.7,12.0
2017-03-03 15:00,507,0.8,12.1
2017-03-03 15:15,507,0.8,12.1
2017-03-03 15:30,507,1.2,12.2
2017-03-03 15:45,507,0.7,12.2
2017-03-03 16:00,507,0.7,12.2
2017-03-03 16:15,507,0.8,12.2
2017-03-03 16:30,507,1.3,12.2
2017-03-03 16:45,507,0.7,12.2
2017-03-03 17:00,507,0.7,12.2
2017-03-03 17:15,507,0.8,12.2
2017-03-03 17:30,507,0.8,12.1
2017-03-03 17:45,507,0.7,12.1
2017-03-03 18:00,507,1.0,12.1
2017-03-03 18:15,507,1.0,12.0
2017-03-03 18:30,507,0.9,12.0
2017-03-03 18:45,507,1.0,11.9
2017-03-03 19:00,507,1.9,11.9
2017-03-03 19:15,507,1.3,11.8
2017-03-03 19:30,507,0.9,11.8
2017-03-03 19:45,507,0.9,11.8
2017-03-03 20:00,507,1.5,11.7
2017-03-03 20:15,507,1.0,11.7
2017-03-03 20:30,507,1.0,11.7
2017-03-03 20:45,506,1.0,11.6
2017-03-03 21:00,507,1.0,11.6
2017-03-03 21:15,506,1.7,11.6
2017-03-03 21:30,506,1.1,11.6
2017-03-03 21:45,506,2.4,11.5
2017-03-03 22:00,506,1.4,11.5
2017-03-03 22:15,506,1.2,11.5
2017-03-03 22:30,505,1.3,11.4
2017-03-03 22:45,505,1.3,11.4
2017-03-03 23:00,505,1.2,11.4
2017-03-03 23:15,505,1.3,11.4
2017-03-03 23:30,505,1.5,11.4
2017-03-03 23:45,505,1.3,11.4
2017-03-04 00:00,505,1.4,11.3
2017-03-04 00:15,505,1.8,11.3
2017-03-04 00:30,505,1.3,11.3
2017-03-04 00:45,505,1.8,11.3
2017-03-04 01:00,505,1.6,11.3
2017-03-04 01:15,504,1.5,11.3
2017-03-04 01:30,505,1.7,11.3
2017-03-04 01:45,505,1.8,11.2
2017-03-04 02:00,505,1.4,11.2
2017-03-04 02:15,505,1.4,11.2
2017-03-04 02:30,505,1.6,11.2
2017-03-04 02:45,502,1.3,11.2
2017-03-04 03:00,505,1.7,11.2
2017-03-04 03:15,505,1.6,11.2
2017-03-04 03:30,505,1.4,11.2
2017-03-04 03:45,505,1.5,11.2
2017-03-04 04:00,505,1.3,11.2
2017-03-04 04:15,505,1.2,11.2
2017-03-04 04:30,505,1.3,11.2
2017-03-04 04:45,505,1.4,11.2
2017-03-04 05:00,505,1.3,11.2
2017-03-04 05:15,505,1.2,11.2
2017-03-04 05:30,505,1.4,11.2
2017-03-04 05:45,505,1.2,11.2
2017-03-04 06:00,505,1.2,11.2
2017-03-04 06:15,505,1.4,11.2
2017-03-04 06:30,505,1.4,11.2
2017-03-04 06:45,505,1.2,11.2
2017-03-04 07:00,505,1.3,11.3
2017-03-04 07:15,505,1.3,11.3
2017-03-04 07:30,505,1.3,11.3
2017-03-04 07:45,505,1.5,11.3
2017-03-04 08:00,505,1.4,11.4
2017-03-04 08:15,504,1.3,11.4
2017-03-04 08:30,505,1.6,11.5
2017-03-04 08:45,503,1.7,11.5
2017-03-04 09:00,503,1.4,11.6
2017-03-04 09:15,503,1.4,11.6
2017-03-04 09:30,503,1.4,11.7
2017-03-04 09:45,503,1.3,11.8
2017-03-04 10:00,503,1.5,11.9
2017-03-04 10:15,503,1.5,11.9
2017-03-04 10:30,503,1.1,12.0
2017-03-04 10:45,503,1.1,12.1
2017-03-04 11:00,503,0.9,12.2
2017-03-04 11:15,503,1.0,12.3
2017-03-04 11:30,503,1.2,12.3
2017-03-04 11:45,503,1.0,12.4
2017-03-04 12:00,502,0.9,12.5
2017-03-04 12:15,502,1.0,12.5
2017-03-04 12:30,502,1.0,12.6
2017-03-04 12:45,502,1.0,12.6
2017-03-04 13:00,502,0.8,12.7
2017-03-04 13:15,502,1.0,12.7
2017-03-04 13:30,502,0.8,12.8
2017-03-04 13:45,502,0.9,12.8
2017-03-04 14:00,502,0.9,12.9
2017-03-04 14:15,502,0.9,12.9
2017-03-04 14:30,502,0.9,12.9
2017-03-04 14:45,502,0.9,12.9
2017-03-04 15:00,502,1.0,13.0
2017-03-04 15:15,502,0.9,13.0
2017-03-04 15:30,502,0.9,13.0
2017-03-04 15:45,502,1.0,13.0
2017-03-04 16:00,502,1.1,13.0
2017-03-04 16:15,502,1.0,13.0
2017-03-04 16:30,503,2.0,13.0
2017-03-04 16:45,503,1.1,12.9
2017-03-04 17:00,503,1.1,12.9
2017-03-04 17:15,503,1.4,12.9
2017-03-04 17:30,503,1.0,12.9
2017-03-04 17:45,503,1.4,12.8
2017-03-04 18:00,504,1.0,12.8
2017-03-04 18:15,504,1.1,12.8
2017-03-04 18:30,503,1.0,12.7
2017-03-04 18:45,504,1.1,12.7
2017-03-04 19:00,504,1.0,12.6
2017-03-04 19:15,504,1.2,12.6
2017-03-04 19:30,504,1.2,12.5
2017-03-04 19:45,509,1.1,12.5
2017-03-04 20:00,509,1.2,12.4
2017-03-04 20:15,512,1.5,12.4
2017-03-04 20:30,507,1.6,12.3
2017-03-04 20:45,513,1.3,12.3
2017-03-04 21:00,509,1.3,12.3
2017-03-04 21:15,511,1.3,12.2
2017-03-04 21:30,503,1.7,12.2
2017-03-04 21:45,502,1.1,12.2
2017-03-04 22:00,502,1.2,12.1
2017-03-04 22:15,501,1.2,12.1
2017-03-04 22:30,501,1.1,12.1
2017-03-04 22:45,501,1.2,12.0
2017-03-04 23:00,501,1.5,12.0
2017-03-04 23:15,501,1.2,12.0
2017-03-04 23:30,501,1.3,11.9
2017-03-04 23:45,501,1.5,11.9
2017-03-05 00:00,501,1.3,11.9
2017-03-05 00:15,501,1.4,11.9
2017-03-05 00:30,501,1.6,11.8
2017-03-05 00:45,500,2.9,11.8
2017-03-05 01:00,500,1.5,11.8
2017-03-05 01:15,501,1.6,11.8
2017-03-05 01:30,500,1.7,11.8
2017-03-05 01:45,500,1.7,11.7
2017-03-05 02:00,500,2.5,11.7
2017-03-05 02:15,500,2.0,11.7
2017-03-05 02:30,500,1.8,11.7
2017-03-05 02:45,500,1.8,11.7
2017-03-05 03:00,500,1.6,11.7
2017-03-05 03:15,500,1.9,11.7
2017-03-05 03:30,500,1.9,11.7
2017-03-05 03:45,500,1.8,11.7
2017-03-05 04:00,500,1.6,11.7
2017-03-05 04:15,500,1.6,11.7
2017-03-05 04:30,500,1.4,11.7
2017-03-05 04:45,500,1.6,11.7
2017-03-05 05:00,500,1.5,11.7
2017-03-05 05:15,499,1.4,11.7
2017-03-05 05:30,500,1.5,11.7
2017-03-05 05:45,499,1.6,11.7
2017-03-05 06:00,499,1.5,11.7
2017-03-05 06:15,500,1.6,11.7
2017-03-05 06:30,500,1.6,11.7
2017-03-05 06:45,500,1.5,11.7
2017-03-05 07:00,500,1.4,11.7
2017-03-05 07:15,500,1.5,11.7
2017-03-05 07:30,500,1.6,11.7
2017-03-05 07:45,500,1.5,11.8
2017-03-05 08:00,500,1.4,11.8
2017-03-05 08:15,500,1.3,11.9
2017-03-05 08:30,500,1.3,11.9
2017-03-05 08:45,500,1.4,11.9
2017-03-05 09:00,500,1.3,12.0
2017-03-05 09:15,500,1.4,12.1
2017-03-05 09:30,500,1.3,12.1
2017-03-05 09:45,500,1.1,12.2
2017-03-05 10:00,500,1.1,12.2
2017-03-05 10:15,500,1.0,12.3
2017-03-05 10:30,500,1.1,12.4
2017-03-05 10:45,500,1.0,12.5
2017-03-05 11:00,500,1.0,12.5
2017-03-05 11:15,500,0.9,12.6
2017-03-05 11:30,500,0.9,12.7
2017-03-05 11:45,500,1.0,12.7
2017-03-05 12:00,500,0.9,12.8
2017-03-05 12:15,500,1.0,12.8
2017-03-05 12:30,500,1.0,12.9
2017-03-05 12:45,500,0.9,12.9
2017-03-05 13:00,500,0.8,13.0
2017-03-05 13:15,500,0.9,13.0
2017-03-05 13:30,500,0.9,13.0
2017-03-05 13:45,500,0.9,13.1
2017-03-05 14:00,500,0.9,13.1
2017-03-05 14:15,500,1.0,13.2
2017-03-05 14:30,500,0.9,13.2
2017-03-05 14:45,500,0.9,13.2
2017-03-05 15:00,500,1.1,13.2
2017-03-05 15:15,500,1.3,13.3
2017-03-05 15:30,501,1.4,13.3
2017-03-05 15:45,501,1.4,13.3
2017-03-05 16:00,501,1.4,13.3
2017-03-05 16:15,501,1.5,13.3
2017-03-05 16:30,500,1.5,13.2
2017-03-05 16:45,501,1.7,13.2
2017-03-05 17:00,501,1.4,13.2
2017-03-05 17:15,501,1.3,13.2
2017-03-05 17:30,501,1.3,13.2
2017-03-05 17:45,501,1.1,13.1
2017-03-05 18:00,502,1.3,13.1
2017-03-05 18:15,502,1.4,13.1
2017-03-05 18:30,502,1.3,13.0
2017-03-05 18:45,502,1.4,13.0
2017-03-05 19:00,502,1.4,12.9
2017-03-05 19:15,502,1.5,12.9
2017-03-05 19:30,502,1.2,12.8
2017-03-05 19:45,502,1.3,12.8
2017-03-05 20:00,502,1.4,12.7
2017-03-05 20:15,502,1.2,12.7
2017-03-05 20:30,502,1.3,12.6
2017-03-05 20:45,502,1.6,12.6
2017-03-05 21:00,502,1.4,12.6
2017-03-05 21:15,502,1.7,12.5
2017-03-05 21:30,501,1.4,12.5
2017-03-05 21:45,502,1.9,12.4
2017-03-05 22:00,502,1.5,12.4
2017-03-05 22:15,502,1.4,12.4
2017-03-05 22:30,502,1.3,12.3
2017-03-05 22:45,502,1.2,12.3
2017-03-05 23:00,502,1.8,12.3
2017-03-05 23:15,502,1.3,12.2
2017-03-05 23:30,502,1.3,12.2
2017-03-05 23:45,502,1.1,12.1
2017-03-06 00:00,502,1.2,12.1
2017-03-06 00:15,502,1.2,12.1
2017-03-06 00:30,501,1.2,12.0
2017-03-06 00:45,501,1.1,12.0
2017-03-06 01:00,501,1.3,12.0
2017-03-06 01:15,501,1.2,11.9
2017-03-06 01:30,502,1.2,11.9
2017-03-06 01:45,501,1.3,11.9
2017-03-06 02:00,501,1.4,11.9
2017-03-06 02:15,501,1.2,11.8
2017-03-06 02:30,501,1.5,11.8
2017-03-06 02:45,501,1.2,11.8
2017-03-06 03:00,501,1.2,11.8
2017-03-06 03:15,501,1.2,11.8
2017-03-06 03:30,501,1.2,11.7
2017-03-06 03:45,501,1.2,11.7
2017-03-06 04:00,501,1.4,11.7
2017-03-06 04:15,501,1.5,11.7
2017-03-06 04:30,501,1.4,11.7
2017-03-06 04:45,501,1.3,11.7
2017-03-06 05:00,501,1.2,11.7
2017-03-06 05:15,501,1.6,11.7
2017-03-06 05:30,501,1.4,11.6
2017-03-06 05:45,501,1.4,11.6
2017-03-06 06:00,500,1.4,11.6
2017-03-06 06:15,500,1.4,11.6
2017-03-06 06:30,500,1.6,11.6
2017-03-06 06:45,500,1.5,11.6
2017-03-06 07:00,500,1.5,11.6
2017-03-06 07:15,501,1.6,11.6
2017-03-06 07:30,500,1.6,11.6
2017-03-06 07:45,500,1.6,11.6
2017-03-06 08:00,500,1.6,11.7
2017-03-06 08:15,500,1.5,11.7
2017-03-06 08:30,500,1.3,11.7
2017-03-06 08:45,500,1.3,11.8
2017-03-06 09:00,500,1.2,11.8
2017-03-06 09:15,500,1.2,11.8
2017-03-06 09:30,500,1.1,11.8
2017-03-06 09:45,500,1.0,11.9
2017-03-06 10:00,500,1.1,11.9
2017-03-06 10:15,500,1.1,12.0
2017-03-06 10:30,500,1.0,12.1
2017-03-06 10:45,500,1.1,12.1
2017-03-06 11:00,500,1.1,12.2
2017-03-06 11:15,500,1.2,12.3
2017-03-06 11:30,499,1.0,12.3
2017-03-06 11:45,500,1.1,12.4
2017-03-06 12:00,500,1.1,12.4
2017-03-06 12:15,500,0.9,12.5
2017-03-06 12:30,500,0.9,12.5
2017-03-06 12:45,499,1.0,12.6
2017-03-06 13:00,500,1.0,12.6
2017-03-06 13:15,500,1.1,12.6
2017-03-06 13:30,500,1.0,12.6
2017-03-06 13:45,499,1.0,12.7
2017-03-06 14:00,500,1.0,12.7
2017-03-06 14:15,500,1.0,12.7
2017-03-06 14:30,500,1.1,12.7
2017-03-06 14:45,500,1.1,12.7
2017-03-06 15:00,501,1.1,12.7
2017-03-06 15:15,500,1.0,12.8
2017-03-06 15:30,500,0.9,12.8
2017-03-06 15:45,500,0.9,12.8
2017-03-06 16:00,500,1.0,12.8
2017-03-06 16:15,500,1.0,12.8
2017-03-06 16:30,501,1.0,12.8
2017-03-06 16:45,501,1.2,12.8
2017-03-06 17:00,501,1.1,12.8
2017-03-06 17:15,501,1.9,12.8
2017-03-06 17:30,501,1.4,12.7
2017-03-06 17:45,501,1.3,12.7
2017-03-06 18:00,501,1.4,12.7
2017-03-06 18:15,501,1.4,12.6
2017-03-06 18:30,501,1.2,12.6
2017-03-06 18:45,501,1.3,12.6
2017-03-06 19:00,502,1.2,12.5
2017-03-06 19:15,501,1.3,12.5
2017-03-06 19:30,502,1.5,12.5
2017-03-06 19:45,501,1.7,12.4
2017-03-06 20:00,502,1.6,12.4
2017-03-06 20:15,502,1.5,12.4
2017-03-06 20:30,502,1.5,12.3
2017-03-06 20:45,502,1.5,12.3
2017-03-06 21:00,502,1.4,12.3
2017-03-06 21:15,502,1.5,12.2
2017-03-06 21:30,502,1.6,12.2
2017-03-06 21:45,502,1.4,12.2
2017-03-06 22:00,502,1.6,12.1
2017-03-06 22:15,502,2.6,12.1
2017-03-06 22:30,502,1.7,12.0
2017-03-06 22:45,502,1.6,12.0
2017-03-06 23:00,502,2.2,12.0
2017-03-06 23:15,502,1.5,11.9
2017-03-06 23:30,502,1.8,11.9
2017-03-06 23:45,502,3.0,11.8
2017-03-07 00:00,502,1.7,11.8
2017-03-07 00:15,502,1.6,11.8
2017-03-07 00:30,502,1.5,11.7
2017-03-07 00:45,502,1.6,11.7
2017-03-07 01:00,502,1.8,11.7
2017-03-07 01:15,502,1.6,11.6
2017-03-07 01:30,502,1.5,11.6
2017-03-07 01:45,502,1.4,11.5
2017-03-07 02:00,502,1.6,11.5
2017-03-07 02:15,502,1.4,11.5
2017-03-07 02:30,502,1.7,11.5
2017-03-07 02:45,502,1.6,11.4
2017-03-07 03:00,502,1.5,11.4
2017-03-07 03:15,502,1.5,11.4
2017-03-07 03:30,502,1.5,11.4
2017-03-07 03:45,501,1.4,11.3
2017-03-07 04:00,501,1.5,11.3
2017-03-07 04:15,501,1.6,11.3
2017-03-07 04:30,501,1.3,11.3
2017-03-07 04:45,501,1.5,11.2
2017-03-07 05:00,501,1.4,11.2
2017-03-07 05:15,501,1.7,11.2
2017-03-07 05:30,501,1.6,11.2
2017-03-07 05:45,501,1.8,11.2
2017-03-07 06:00,501,1.9,11.2
2017-03-07 06:15,501,2.1,11.1
2017-03-07 06:30,501,1.7,11.1
2017-03-07 06:45,500,1.6,11.1
2017-03-07 07:00,500,1.4,11.1
2017-03-07 07:15,500,1.5,11.1
2017-03-07 07:30,500,1.7,11.1
2017-03-07 07:45,500,1.5,11.1
2017-03-07 08:00,500,1.4,11.1
2017-03-07 08:15,500,1.3,11.1
2017-03-07 08:30,500,1.3,11.1
2017-03-07 08:45,500,1.4,11.2
2017-03-07 09:00,500,1.2,11.2
2017-03-07 09:15,500,1.3,11.3
2017-03-07 09:30,500,1.1,11.3
2017-03-07 09:45,499,1.2,11.4
2017-03-07 10:00,500,1.2,11.4
2017-03-07 10:15,499,1.0,11.5
2017-03-07 10:30,500,1.1,11.5
2017-03-07 10:45,499,1.0,11.6
2017-03-07 11:00,499,0.9,11.7
2017-03-07 11:15,499,1.0,11.7
2017-03-07 11:30,499,1.2,11.8
2017-03-07 11:45,499,0.9,11.8
2017-03-07 12:00,499,0.9,11.8
2017-03-07 12:15,499,0.9,11.9
2017-03-07 12:30,499,1.2,11.9
2017-03-07 12:45,499,0.8,12.0
2017-03-07 13:00,499,0.9,12.0
2017-03-07 13:15,499,0.9,12.1
2017-03-07 13:30,499,1.0,12.1
2017-03-07 13:45,499,1.0,12.1
2017-03-07 14:00,499,0.9,12.1
2017-03-07 14:15,499,1.5,12.1
2017-03-07 14:30,498,1.2,12.1
2017-03-07 14:45,498,1.0,12.1
2017-03-07 15:00,498,1.1,12.1
2017-03-07 15:15,498,1.1,12.1
2017-03-07 15:30,498,1.3,12.1
2017-03-07 15:45,498,1.4,12.0
2017-03-07 16:00,498,1.2,12.0
2017-03-07 16:15,498,1.4,12.0
2017-03-07 16:30,498,1.1,11.9
2017-03-07 16:45,499,1.2,11.9
2017-03-07 17:00,499,1.2,11.9
2017-03-07 17:15,499,1.1,11.8
2017-03-07 17:30,499,1.1,11.8
2017-03-07 17:45,499,1.1,11.7
2017-03-07 18:00,499,1.2,11.7
2017-03-07 18:15,498,1.1,11.6
2017-03-07 18:30,497,1.1,11.6
2017-03-07 18:45,496,1.6,11.6
2017-03-07 19:00,496,1.3,11.5
2017-03-07 19:15,496,1.3,11.5
2017-03-07 19:30,496,1.6,11.4
2017-03-07 19:45,496,1.3,11.4
2017-03-07 20:00,496,1.7,11.4
2017-03-07 20:15,496,1.4,11.3
2017-03-07 20:30,496,1.2,11.3
2017-03-07 20:45,496,1.5,11.3
2017-03-07 21:00,495,2.6,11.2
2017-03-07 21:15,496,1.5,11.2
2017-03-07 21:30,495,1.5,11.2
2017-03-07 21:45,495,1.4,11.1
2017-03-07 22:00,495,1.7,11.1
2017-03-07 22:15,495,1.6,11.0
2017-03-07 22:30,495,1.7,11.0
2017-03-07 22:45,495,1.4,11.0
2017-03-07 23:00,495,1.4,10.9
2017-03-07 23:15,495,1.7,10.9
2017-03-07 23:30,494,1.3,10.8
2017-03-07 23:45,495,1.4,10.8
2017-03-08 00:00,494,1.7,10.8
2017-03-08 00:15,494,2.7,10.7
2017-03-08 00:30,493,1.4,10.7
2017-03-08 00:45,493,1.7,10.7
2017-03-08 01:00,493,1.6,10.6
2017-03-08 01:15,493,1.4,10.6
2017-03-08 01:30,493,2.4,10.6
2017-03-08 01:45,493,5.5,10.5
2017-03-08 02:00,493,NaN,10.5
2017-03-08 02:15,493,3.2,10.5
2017-03-08 02:30,493,1.7,10.4
2017-03-08 02:45,493,1.5,10.4
2017-03-08 03:00,493,1.6,10.4
2017-03-08 03:15,493,1.7,10.4
2017-03-08 03:30,493,1.8,10.3
2017-03-08 03:45,493,1.9,10.3
2017-03-08 04:00,493,1.9,10.3
2017-03-08 04:15,492,1.8,10.3
2017-03-08 04:30,492,1.7,10.3
2017-03-08 04:45,492,1.9,10.2
2017-03-08 05:00,492,1.7,10.2
2017-03-08 05:15,492,1.7,10.2
2017-03-08 05:30,492,1.7,10.2
2017-03-08 05:45,492,2.2,10.2
2017-03-08 06:00,492,1.7,10.1
2017-03-08 06:15,492,1.5,10.1
2017-03-08 06:30,491,1.7,10.1
2017-03-08 06:45,492,1.6,10.1
2017-03-08 07:00,492,2.2,10.1
2017-03-08 07:15,492,1.7,10.1
2017-03-08 07:30,492,1.5,10.1
2017-03-08 07:45,492,1.6,10.2
2017-03-08 08:00,492,1.6,10.2
2017-03-08 08:15,492,1.5,10.3
2017-03-08 08:30,492,1.3,10.3
2017-03-08 08:45,492,2.4,10.4
2017-03-08 09:00,492,1.5,10.4
2017-03-08 09:15,492,1.4,10.5
2017-03-08 09:30,492,1.5,10.6
2017-03-08 09:45,492,1.3,10.7
2017-03-08 10:00,492,1.3,10.8
2017-03-08 10:15,492,1.1,10.8
2017-03-08 10:30,492,1.5,10.9
2017-03-08 10:45,491,1.2,11.0
2017-03-08 11:00,492,1.2,11.1
2017-03-08 11:15,491,1.6,11.2
2017-03-08 11:30,491,1.3,11.3
2017-03-08 11:45,491,1.1,11.4
2017-03-08 12:00,491,1.1,11.4
2017-03-08 12:15,491,1.1,11.5
2017-03-08 12:30,491,0.9,11.6
2017-03-08 12:45,491,1.2,11.6
2017-03-08 13:00,491,1.2,11.7
2017-03-08 13:15,491,1.2,11.7
2017-03-08 13:30,491,1.1,11.8
2017-03-08 13:45,491,1.2,11.8
2017-03-08 14:00,491,1.2,11.9
2017-03-08 14:15,491,1.2,11.9
2017-03-08 14:30,491,1.6,11.9
2017-03-08 14:45,491,1.1,11.9
2017-03-08 15:00,491,1.0,12.0
2017-03-08 15:15,491,1.2,12.0
2017-03-08 15:30,491,1.3,11.9
2017-03-08 15:45,491,1.2,11.9
2017-03-08 16:00,491,1.3,11.9
2017-03-08 16:15,492,1.1,11.9
2017-03-08 16:30,492,1.3,11.9
2017-03-08 16:45,492,1.1,11.8
2017-03-08 17:00,493,1.6,11.8
2017-03-08 17:15,493,1.3,11.7
2017-03-08 17:30,493,1.1,11.7
2017-03-08 17:45,493,1.0,11.6
2017-03-08 18:00,493,1.4,11.6
2017-03-08 18:15,494,1.2,11.5
2017-03-08 18:30,494,1.5,11.4
2017-03-08 18:45,494,1.0,11.3
2017-03-08 19:00,494,1.2,11.3
2017-03-08 19:15,495,1.3,11.2
2017-03-08 19:30,495,1.6,11.1
2017-03-08 19:45,495,1.4,11.1
2017-03-08 20:00,495,1.5,11.0
2017-03-08 20:15,495,1.7,10.9
2017-03-08 20:30,495,1.6,10.9
2017-03-08 20:45,495,2.0,10.8
2017-03-08 21:00,495,1.6,10.8
2017-03-08 21:15,495,1.4,10.7
2017-03-08 21:30,495,1.6,10.7
2017-03-08 21:45,495,2.0,10.6
2017-03-08 22:00,495,1.7,10.6
2017-03-08 22:15,495,1.5,10.6
2017-03-08 22:30,495,1.7,10.5
2017-03-08 22:45,495,1.6,10.5
2017-03-08 23:00,495,1.6,10.4
2017-03-08 23:15,495,1.8,10.4
2017-03-08 23:30,495,1.4,10.3
2017-03-08 23:45,496,1.3,10.3
2017-03-09 00:00,496,1.3,10.3
2017-03-09 00:15,495,1.4,10.3
2017-03-09 00:30,495,1.4,10.2
2017-03-09 00:45,495,2.2,10.2
2017-03-09 01:00,495,1.4,10.2
2017-03-09 01:15,496,1.4,10.1
2017-03-09 01:30,495,1.4,10.1
2017-03-09 01:45,496,2.2,10.0
2017-03-09 02:00,496,1.8,10.0
2017-03-09 02:15,496,1.5,10.0
2017-03-09 02:30,496,1.9,10.0
2017-03-09 02:45,496,1.8,10.0
2017-03-09 03:00,496,1.6,9.9
2017-03-09 03:15,497,1.5,9.9
2017-03-09 03:30,497,2.1,9.9
2017-03-09 03:45,498,1.6,9.9
2017-03-09 04:00,498,1.9,9.9
2017-03-09 04:15,498,2.2,9.9
2017-03-09 04:30,499,1.7,9.8
2017-03-09 04:45,500,1.8,9.8
2017-03-09 05:00,500,1.8,9.8
2017-03-09 05:15,500,1.9,9.8
2017-03-09 05:30,501,2.5,9.8
2017-03-09 05:45,502,2.0,9.8
2017-03-09 06:00,502,2.4,9.8
2017-03-09 06:15,502,1.8,9.8
2017-03-09 06:30,503,1.8,9.8
2017-03-09 06:45,503,2.3,9.8
2017-03-09 07:00,503,1.5,9.8
2017-03-09 07:15,503,1.7,9.8
2017-03-09 07:30,503,1.7,9.8
2017-03-09 07:45,503,1.6,9.8
2017-03-09 08:00,503,1.5,9.9
2017-03-09 08:15,503,1.6,9.9
2017-03-09 08:30,503,1.4,10.0
2017-03-09 08:45,503,1.5,10.0
2017-03-09 09:00,503,1.5,10.1
2017-03-09 09:15,503,1.3,10.2
2017-03-09 09:30,502,1.4,10.3
2017-03-09 09:45,502,1.2,10.3
2017-03-09 10:00,501,1.4,10.4
2017-03-09 10:15,501,1.1,10.5
2017-03-09 10:30,499,1.2,10.6
2017-03-09 10:45,499,1.1,10.7
2017-03-09 11:00,499,1.0,10.9
2017-03-09 11:15,499,1.0,10.9
2017-03-09 11:30,499,1.1,11.0
2017-03-09 11:45,498,1.2,11.1
2017-03-09 12:00,498,1.3,11.2
2017-03-09 12:15,498,1.0,11.3
2017-03-09 12:30,497,1.0,11.4
2017-03-09 12:45,497,1.0,11.4
2017-03-09 13:00,497,1.2,11.5
2017-03-09 13:15,496,0.9,11.6
2017-03-09 13:30,496,0.9,11.6
2017-03-09 13:45,496,1.0,11.7
2017-03-09 14:00,496,1.1,11.7
2017-03-09 14:15,496,1.1,11.8
2017-03-09 14:30,496,1.1,11.8
2017-03-09 14:45,495,1.5,11.8
2017-03-09 15:00,495,1.3,11.8
2017-03-09 15:15,496,1.0,11.9
2017-03-09 15:30,495,1.2,11.8
2017-03-09 15:45,495,1.3,11.9
2017-03-09 16:00,496,1.4,11.8
2017-03-09 16:15,495,1.2,11.8
2017-03-09 16:30,495,1.1,11.8
2017-03-09 16:45,496,1.5,11.8
2017-03-09 17:00,496,1.0,11.7
2017-03-09 17:15,496,1.0,11.7
2017-03-09 17:30,496,1.0,11.7
2017-03-09 17:45,496,1.3,11.6
2017-03-09 18:00,496,1.0,11.5
2017-03-09 18:15,497,1.2,11.5
2017-03-09 18:30,496,1.5,11.4
2017-03-09 18:45,497,1.4,11.3
2017-03-09 19:00,497,1.3,11.2
2017-03-09 19:15,497,1.4,11.1
2017-03-09 19:30,497,1.4,11.1
2017-03-09 19:45,497,1.4,11.0
2017-03-09 20:00,497,1.5,10.9
2017-03-09 20:15,497,1.9,10.9
2017-03-09 20:30,497,2.0,10.8
2017-03-09 20:45,497,4.1,10.8
2017-03-09 21:00,497,1.6,10.7
2017-03-09 21:15,497,1.7,10.6
2017-03-09 21:30,497,1.7,10.6
2017-03-09 21:45,496,1.8,10.5
2017-03-09 22:00,497,1.4,10.5
2017-03-09 22:15,497,2.1,10.4
2017-03-09 22:30,497,2.4,10.4
2017-03-09 22:45,496,2.1,10.3
2017-03-09 23:00,496,1.7,10.3
2017-03-09 23:15,496,2.0,10.2
2017-03-09 23:30,496,1.7,10.2
2017-03-09 23:45,496,1.9,10.1
2017-03-10 00:00,496,2.3,10.1
2017-03-10 00:15,495,2.0,10.1
2017-03-10 00:30,496,2.7,10.0
2017-03-10 00:45,496,1.9,10.0
2017-03-10 01:00,495,1.9,9.9
2017-03-10 01:15,496,2.0,9.9
2017-03-10 01:30,495,1.9,9.9
2017-03-10 01:45,495,1.9,9.8
2017-03-10 02:00,495,2.1,9.8
2017-03-10 02:15,496,1.8,9.8
2017-03-10 02:30,495,1.7,9.7
2017-03-10 02:45,495,1.7,9.7
2017-03-10 03:00,495,1.8,9.7
2017-03-10 03:15,495,1.7,9.6
2017-03-10 03:30,495,1.7,9.6
2017-03-10 03:45,495,1.8,9.6
2017-03-10 04:00,495,1.6,9.6
2017-03-10 04:15,495,2.4,9.6
2017-03-10 04:30,495,1.9,9.5
2017-03-10 04:45,495,1.8,9.5
2017-03-10 05:00,495,1.8,9.5
2017-03-10 05:15,495,1.7,9.5
2017-03-10 05:30,495,2.2,9.5
2017-03-10 05:45,495,2.0,9.5
2017-03-10 06:00,495,1.9,9.5
2017-03-10 06:15,495,2.0,9.4
2017-03-10 06:30,496,1.8,9.4
2017-03-10 06:45,495,1.7,9.4
2017-03-10 07:00,495,2.4,9.4
2017-03-10 07:15,496,1.6,9.4
2017-03-10 07:30,496,1.7,9.4
2017-03-10 07:45,496,2.0,9.4
2017-03-10 08:00,496,1.6,9.4
2017-03-10 08:15,496,1.5,9.4
2017-03-10 08:30,496,1.6,9.4
2017-03-10 08:45,496,1.5,9.4
2017-03-10 09:00,496,1.4,9.4
2017-03-10 09:15,496,1.4,9.4
2017-03-10 09:30,496,1.3,9.5
2017-03-10 09:45,496,1.3,9.5
2017-03-10 10:00,496,1.2,9.6
2017-03-10 10:15,496,1.2,9.6
2017-03-10 10:30,496,1.3,9.7
2017-03-10 10:45,496,1.2,9.8
2017-03-10 11:00,496,1.3,9.9
2017-03-10 11:15,496,1.3,10.1
2017-03-10 11:30,496,1.2,10.2
2017-03-10 11:45,496,1.3,10.2
2017-03-10 12:00,496,1.3,10.2
2017-03-10 12:15,496,1.3,10.3
2017-03-10 12:30,496,1.2,10.4
2017-03-10 12:45,496,1.1,10.5
2017-03-10 13:00,496,1.1,10.6
2017-03-10 13:15,495,1.5,10.7
2017-03-10 13:30,495,1.0,10.8
2017-03-10 13:45,495,1.1,10.8
2017-03-10 14:00,495,1.0,10.9
2017-03-10 14:15,495,1.0,11.0
2017-03-10 14:30,495,1.2,11.1
2017-03-10 14:45,495,0.9,11.2
2017-03-10 15:00,495,0.9,11.3
2017-03-10 15:15,495,0.8,11.4
2017-03-10 15:30,495,0.9,11.4
2017-03-10 15:45,495,1.0,11.4
2017-03-10 16:00,495,1.0,11.4
2017-03-10 16:15,495,1.4,11.5
2017-03-10 16:30,495,1.3,11.5
2017-03-10 16:45,495,1.3,11.4
2017-03-10 17:00,495,1.2,11.4
2017-03-10 17:15,495,1.1,11.4
2017-03-10 17:30,495,0.9,11.4
2017-03-10 17:45,495,2.3,11.4
2017-03-10 18:00,495,1.0,11.4
2017-03-10 18:15,495,1.1,11.3
2017-03-10 18:30,495,0.9,11.3
2017-03-10 18:45,496,1.2,11.2
2017-03-10 19:00,495,1.2,11.2
2017-03-10 19:15,496,1.3,11.2
2017-03-10 19:30,NaN,1.4,11.1
2017-03-10 19:45,NaN,1.1,11.1
2017-03-10 20:00,496,1.2,11.1
2017-03-10 20:15,496,0.9,11.1
2017-03-10 20:30,496,1.2,11.0
2017-03-10 20:45,496,1.3,11.0
2017-03-10 21:00,496,1.1,11.0
2017-03-10 21:15,496,1.3,11.0
2017-03-10 21:30,496,1.3,10.9
2017-03-10 21:45,496,1.3,10.9
2017-03-10 22:00,496,1.2,10.9
2017-03-10 22:15,496,1.1,10.9
2017-03-10 22:30,496,1.1,10.9
2017-03-10 22:45,495,1.0,10.8
2017-03-10 23:00,495,1.2,10.8
2017-03-10 23:15,495,1.2,10.8
2017-03-10 23:30,495,1.1,10.8
2017-03-10 23:45,496,1.2,10.8
2017-03-11 00:00,495,1.2,10.7
2017-03-11 00:15,495,1.1,10.7
2017-03-11 00:30,495,1.1,10.7
2017-03-11 00:45,495,1.0,10.7
2017-03-11 01:00,495,1.2,10.7
2017-03-11 01:15,495,1.2,10.7
2017-03-11 01:30,495,1.2,10.6
2017-03-11 01:45,495,1.1,10.6
2017-03-11 02:00,495,1.2,10.6
2017-03-11 02:15,495,1.0,10.6
2017-03-11 02:30,495,1.3,10.6
2017-03-11 02:45,495,1.2,10.6
2017-03-11 03:00,495,1.4,10.6
2017-03-11 03:15,495,1.4,10.6
2017-03-11 03:30,495,1.3,10.5
2017-03-11 03:45,495,1.3,10.5
2017-03-11 04:00,495,1.8,10.5
2017-03-11 04:15,495,1.7,10.5
2017-03-11 04:30,495,1.7,10.5
2017-03-11 04:45,495,1.2,10.5
2017-03-11 05:00,495,1.3,10.5
2017-03-11 05:15,495,1.6,10.5
2017-03-11 05:30,495,1.3,10.5
2017-03-11 05:45,495,1.2,10.5
2017-03-11 06:00,495,1.3,10.5
2017-03-11 06:15,495,1.3,10.5
2017-03-11 06:30,495,1.5,10.5
2017-03-11 06:45,495,1.5,10.5
2017-03-11 07:00,494,1.3,10.5
2017-03-11 07:15,494,1.3,10.5
2017-03-11 07:30,494,1.4,10.6
2017-03-11 07:45,494,1.3,10.6
2017-03-11 08:00,494,1.8,10.7
2017-03-11 08:15,494,2.2,10.7
2017-03-11 08:30,494,2.3,10.8
2017-03-11 08:45,494,2.0,10.8
2017-03-11 09:00,494,2.0,10.9
2017-03-11 09:15,494,2.1,11.0
2017-03-11 09:30,493,1.5,11.1
2017-03-11 09:45,493,1.6,11.2
2017-03-11 10:00,493,1.3,11.3
2017-03-11 10:15,493,1.4,11.4
2017-03-11 10:30,493,1.2,11.5
2017-03-11 10:45,492,1.1,11.5
2017-03-11 11:00,492,1.0,11.6
2017-03-11 11:15,492,1.0,11.7
2017-03-11 11:30,492,1.6,11.8
2017-03-11 11:45,491,0.9,11.9
2017-03-11 12:00,491,0.9,12.0
2017-03-11 12:15,491,1.0,12.0
2017-03-11 12:30,491,1.1,12.1
2017-03-11 12:45,491,1.1,12.2
2017-03-11 13:00,491,1.0,12.2
2017-03-11 13:15,491,1.1,12.3
2017-03-11 13:30,490,1.1,12.3
2017-03-11 13:45,490,0.9,12.4
2017-03-11 14:00,490,1.0,12.4
2017-03-11 14:15,490,0.9,12.5
2017-03-11 14:30,490,0.9,12.5
2017-03-11 14:45,490,0.9,12.5
2017-03-11 15:00,490,0.8,12.6
2017-03-11 15:15,490,0.9,12.6
2017-03-11 15:30,490,1.0,12.6
2017-03-11 15:45,490,1.1,12.6
2017-03-11 16:00,490,0.8,12.6
2017-03-11 16:15,491,1.0,12.6
2017-03-11 16:30,491,1.9,12.6
2017-03-11 16:45,491,1.0,12.5
2017-03-11 17:00,491,1.0,12.5
2017-03-11 17:15,491,0.9,12.5
2017-03-11 17:30,491,1.2,12.5
2017-03-11 17:45,491,0.9,12.4
2017-03-11 18:00,491,0.9,12.4
2017-03-11 18:15,491,0.9,12.4
2017-03-11 18:30,491,1.0,12.3
2017-03-11 18:45,491,1.0,12.3
2017-03-11 19:00,492,1.2,12.2
2017-03-11 19:15,492,1.3,12.2
2017-03-11 19:30,492,1.3,12.1
2017-03-11 19:45,492,1.3,12.1
2017-03-11 20:00,492,1.3,12.0
2017-03-11 20:15,492,1.2,12.0
2017-03-11 20:30,492,1.2,12.0
2017-03-11 20:45,492,1.3,11.9
2017-03-11 21:00,492,1.3,11.9
2017-03-11 21:15,492,1.2,11.9
2017-03-11 21:30,492,1.2,11.9
2017-03-11 21:45,492,1.2,11.8
2017-03-11 22:00,491,1.3,11.8
2017-03-11 22:15,491,1.4,11.8
2017-03-11 22:30,491,1.5,11.7
2017-03-11 22:45,491,1.3,11.7
2017-03-11 23:00,491,1.3,11.7
2017-03-11 23:15,491,1.6,11.7
2017-03-11 23:30,491,1.2,11.6
2017-03-11 23:45,491,2.2,11.6
2017-03-12 00:00,491,1.2,11.6
2017-03-12 00:15,491,1.2,11.6
2017-03-12 00:30,491,1.3,11.5
2017-03-12 00:45,491,1.3,11.5
2017-03-12 01:00,491,1.2,11.5
2017-03-12 01:15,491,1.2,11.5
2017-03-12 01:30,491,1.5,11.5
2017-03-12 01:45,491,1.2,11.4
2017-03-12 03:00,491,1.2,11.4
2017-03-12 03:15,491,1.2,11.4
2017-03-12 03:30,491,1.3,11.4
2017-03-12 03:45,492,1.3,11.4
2017-03-12 04:00,492,1.3,11.3
2017-03-12 04:15,492,1.3,11.3
2017-03-12 04:30,492,1.3,11.3
2017-03-12 04:45,492,1.3,11.3
2017-03-12 05:00,492,1.2,11.3
2017-03-12 05:15,492,1.4,11.3
2017-03-12 05:30,492,1.4,11.3
2017-03-12 05:45,493,1.6,11.3
2017-03-12 06:00,493,1.4,11.3
2017-03-12 06:15,493,1.3,11.3
2017-03-12 06:30,493,1.4,11.3
2017-03-12 06:45,493,1.3,11.2
2017-03-12 07:00,493,1.7,11.2
2017-03-12 07:15,493,1.7,11.2
2017-03-12 07:30,493,1.4,11.2
2017-03-12 07:45,493,1.8,11.2
2017-03-12 08:00,493,1.4,11.2
2017-03-12 08:15,493,1.4,11.2
2017-03-12 08:30,493,1.5,11.3
2017-03-12 08:45,493,2.0,11.3
2017-03-12 09:00,493,1.3,11.4
2017-03-12 09:15,493,1.4,11.4
2017-03-12 09:30,493,1.4,11.5
2017-03-12 09:45,493,1.4,11.5
2017-03-12 10:00,493,1.5,11.6
2017-03-12 10:15,493,1.3,11.7
2017-03-12 10:30,492,1.4,11.7
2017-03-12 10:45,492,1.3,11.8
2017-03-12 11:00,492,1.3,11.9
2017-03-12 11:15,492,1.3,12.0
2017-03-12 11:30,491,1.4,12.0
2017-03-12 11:45,491,1.4,12.1
2017-03-12 12:00,491,1.2,12.2
2017-03-12 12:15,490,1.4,12.2
2017-03-12 12:30,490,1.3,12.3
2017-03-12 12:45,490,1.3,12.4
2017-03-12 13:00,490,1.3,12.4
2017-03-12 13:15,489,1.1,12.5
2017-03-12 13:30,489,1.1,12.6
2017-03-12 13:45,488,1.2,12.6
2017-03-12 14:00,489,1.4,12.6
2017-03-12 14:15,487,1.2,12.7
2017-03-12 14:30,487,1.1,12.7
2017-03-12 14:45,487,1.1,12.8
2017-03-12 15:00,487,1.1,12.8
2017-03-12 15:15,486,1.2,12.9
2017-03-12 15:30,487,1.0,12.9
2017-03-12 15:45,486,1.2,12.9
2017-03-12 16:00,487,1.4,12.9
2017-03-12 16:15,487,1.4,13.0
2017-03-12 16:30,487,1.5,13.0
2017-03-12 16:45,487,1.5,13.0
2017-03-12 17:00,487,1.5,13.0
2017-03-12 17:15,487,1.6,12.9
2017-03-12 17:30,487,1.6,12.9
2017-03-12 17:45,487,1.5,12.9
2017-03-12 18:00,488,1.5,12.9
2017-03-12 18:15,488,1.5,12.8
2017-03-12 18:30,488,1.6,12.8
2017-03-12 18:45,489,1.6,12.8
2017-03-12 19:00,489,1.4,12.7
2017-03-12 19:15,489,1.4,12.7
2017-03-12 19:30,489,1.5,12.7
2017-03-12 19:45,490,1.3,12.6
2017-03-12 20:00,490,1.3,12.6
2017-03-12 20:15,490,1.3,12.5
2017-03-12 20:30,490,1.5,12.5
2017-03-12 20:45,490,1.8,12.4
2017-03-12 21:00,490,1.7,12.4
2017-03-12 21:15,490,2.3,12.4
2017-03-12 21:30,490,2.0,12.3
2017-03-12 21:45,491,1.8,12.3
2017-03-12 22:00,491,2.0,12.2
2017-03-12 22:15,491,2.2,12.2
2017-03-12 22:30,491,1.9,12.2
2017-03-12 22:45,491,1.8,12.2
2017-03-12 23:00,491,1.5,12.1
2017-03-12 23:15,491,1.9,12.1
2017-03-12 23:30,491,1.5,12.1
2017-03-12 23:45,491,1.6,12.0
2017-03-13 00:00,491,1.7,12.0
2017-03-13 00:15,491,1.9,12.0
2017-03-13 00:30,491,1.8,11.9
2017-03-13 00:45,491,2.0,11.9
2017-03-13 01:00,491,1.9,11.8
2017-03-13 01:15,491,2.2,11.8
2017-03-13 01:30,491,2.1,11.8
2017-03-13 01:45,491,1.5,11.8
2017-03-13 02:00,492,1.7,11.7
2017-03-13 02:15,492,1.7,11.7
2017-03-13 02:30,492,1.4,11.7
2017-03-13 02:45,492,2.1,11.7
2017-03-13 03:00,492,1.5,11.6
2017-03-13 03:15,492,1.3,11.6
2017-03-13 03:30,493,1.5,11.6
2017-03-13 03:45,493,1.6,11.6
2017-03-13 04:00,493,1.9,11.6
2017-03-13 04:15,493,2.6,11.5
2017-03-13 04:30,493,1.9,11.5
2017-03-13 04:45,494,2.1,11.5
2017-03-13 05:00,494,1.5,11.5
2017-03-13 05:15,494,1.5,11.5
2017-03-13 05:30,494,1.3,11.5
2017-03-13 05:45,494,1.6,11.4
2017-03-13 06:00,494,2.9,11.4
2017-03-13 06:15,494,1.5,11.4
2017-03-13 06:30,495,1.4,11.4
2017-03-13 06:45,495,1.3,11.4
2017-03-13 07:00,495,1.4,11.4
2017-03-13 07:15,495,1.3,11.4
2017-03-13 07:30,495,1.3,11.4
2017-03-13 07:45,495,1.4,11.4
2017-03-13 08:00,495,1.3,11.4
2017-03-13 08:15,495,1.3,11.4
2017-03-13 08:30,495,1.7,11.4
2017-03-13 08:45,495,1.7,11.5
2017-03-13 09:00,495,1.4,11.5
2017-03-13 09:15,495,1.4,11.6
2017-03-13 09:30,495,1.5,11.6
2017-03-13 09:45,495,1.6,11.7
2017-03-13 10:00,495,1.6,11.8
2017-03-13 10:15,495,1.6,11.8
2017-03-13 10:30,494,1.4,11.9
2017-03-13 10:45,494,1.7,12.0
2017-03-13 11:00,494,1.2,12.0
2017-03-13 11:15,494,1.4,12.1
2017-03-13 11:30,493,1.2,12.2
2017-03-13 11:45,493,1.1,12.3
2017-03-13 12:00,493,1.1,12.3
2017-03-13 12:15,492,1.1,12.4
2017-03-13 12:30,492,1.1,12.4
2017-03-13 12:45,492,1.4,12.5
2017-03-13 13:00,491,2.0,12.6
2017-03-13 13:15,491,1.2,12.6
2017-03-13 13:30,491,1.2,12.7
2017-03-13 13:45,490,1.2,12.7
2017-03-13 14:00,490,1.2,12.8
2017-03-13 14:15,490,1.2,12.8
2017-03-13 14:30,490,1.4,12.9
2017-03-13 14:45,490,1.3,12.9
2017-03-13 15:00,489,1.2,13.0
2017-03-13 15:15,489,1.3,13.0
2017-03-13 15:30,489,1.4,13.0
2017-03-13 15:45,489,1.3,13.1
2017-03-13 16:00,489,1.1,13.1
2017-03-13 16:15,489,1.4,13.1
2017-03-13 16:30,489,1.3,13.1
2017-03-13 16:45,489,1.2,13.1
2017-03-13 17:00,489,1.7,13.1
2017-03-13 17:15,489,1.4,13.1
2017-03-13 17:30,489,1.4,13.1
2017-03-13 17:45,489,1.4,13.1
2017-03-13 18:00,489,2.1,13.0
2017-03-13 18:15,489,1.7,13.0
2017-03-13 18:30,489,1.4,12.9
2017-03-13 18:45,490,1.5,12.9
2017-03-13 19:00,490,1.3,12.8
2017-03-13 19:15,490,1.2,12.8
2017-03-13 19:30,490,1.4,12.7
2017-03-13 19:45,490,1.4,12.7
2017-03-13 20:00,490,1.4,12.7
2017-03-13 20:15,490,1.4,12.6
2017-03-13 20:30,490,1.4,12.6
2017-03-13 20:45,490,1.3,12.5
2017-03-13 21:00,490,1.5,12.5
2017-03-13 21:15,490,1.5,12.5
2017-03-13 21:30,491,1.4,12.4
2017-03-13 21:45,491,1.6,12.4
2017-03-13 22:00,495,1.6,12.3
2017-03-13 22:15,493,1.5,12.3
2017-03-13 22:30,491,1.5,12.3
2017-03-13 22:45,492,1.4,12.2
2017-03-13 23:00,490,2.0,12.2
2017-03-13 23:15,490,2.0,12.1
2017-03-13 23:30,491,1.8,12.1
2017-03-13 23:45,490,2.0,12.0
2017-03-14 00:00,490,1.8,12.0
2017-03-14 00:15,490,1.6,12.0
2017-03-14 00:30,490,1.7,11.9
2017-03-14 00:45,489,1.6,11.9
2017-03-14 01:00,492,1.8,11.8
2017-03-14 01:15,489,1.7,11.8
2017-03-14 01:30,487,1.7,11.8
2017-03-14 01:45,491,1.6,11.7
2017-03-14 02:00,490,1.9,11.7
2017-03-14 02:15,490,1.6,11.7
2017-03-14 02:30,488,1.6,11.6
2017-03-14 02:45,488,1.6,11.6
2017-03-14 03:00,488,1.5,11.6
2017-03-14 03:15,487,1.4,11.6
2017-03-14 03:30,486,1.5,11.6
2017-03-14 03:45,485,1.8,11.5
2017-03-14 04:00,485,1.4,11.5
2017-03-14 04:15,485,1.4,11.5
2017-03-14 04:30,484,1.4,11.5
2017-03-14 04:45,486,1.4,11.5
2017-03-14 05:00,486,1.3,11.5
2017-03-14 05:15,484,1.5,11.5
2017-03-14 05:30,484,1.3,11.5
2017-03-14 05:45,483,1.8,11.5
2017-03-14 06:00,485,1.4,11.5
2017-03-14 06:15,485,1.5,11.5
2017-03-14 06:30,478,1.5,11.5
2017-03-14 06:45,481,1.4,11.5
2017-03-14 07:00,480,1.3,11.5
2017-03-14 07:15,480,1.2,11.5
2017-03-14 07:30,480,1.4,11.5
2017-03-14 07:45,480,1.4,11.5
2017-03-14 08:00,480,1.5,11.5
2017-03-14 08:15,480,1.4,11.5
2017-03-14 08:30,480,1.2,11.5
2017-03-14 08:45,480,1.4,11.5
2017-03-14 09:00,480,1.4,11.6
2017-03-14 09:15,480,1.4,11.6
2017-03-14 09:30,480,1.5,11.7
2017-03-14 09:45,480,1.9,11.8
2017-03-14 10:00,480,1.5,11.8
2017-03-14 10:15,480,1.5,11.8
2017-03-14 10:30,480,1.7,11.8
2017-03-14 10:45,479,1.3,11.9
2017-03-14 11:00,479,2.3,11.9
2017-03-14 11:15,479,1.2,12.0
2017-03-14 11:30,479,1.2,12.0
2017-03-14 11:45,478,1.1,12.1
2017-03-14 12:00,478,1.1,12.1
2017-03-14 12:15,477,1.0,12.2
2017-03-14 12:30,477,1.1,12.2
2017-03-14 12:45,477,1.2,12.3
2017-03-14 13:00,476,1.2,12.3
2017-03-14 13:15,476,1.1,12.4
2017-03-14 13:30,475,1.3,12.5
2017-03-14 13:45,475,1.1,12.6
2017-03-14 14:00,475,1.2,12.6
2017-03-14 14:15,475,1.1,12.6
2017-03-14 14:30,475,1.1,12.7
2017-03-14 14:45,474,1.2,12.8
2017-03-14 15:00,474,1.1,12.8
2017-03-14 15:15,474,1.2,12.9
2017-03-14 15:30,474,1.4,12.9
2017-03-14 15:45,474,1.3,13.0
2017-03-14 16:00,474,1.3,13.0
2017-03-14 16:15,474,1.4,13.0
2017-03-14 16:30,474,2.1,13.1
2017-03-14 16:45,474,1.3,13.1
2017-03-14 17:00,474,1.2,13.1
2017-03-14 17:15,475,1.3,13.2
2017-03-14 17:30,474,1.3,13.2
2017-03-14 17:45,475,1.5,13.2
2017-03-14 18:00,475,1.1,13.2
2017-03-14 18:15,475,1.2,13.2
2017-03-14 18:30,476,1.4,13.2
2017-03-14 18:45,475,1.2,13.2
2017-03-14 19:00,475,1.5,13.2
2017-03-14 19:15,475,1.4,13.2
2017-03-14 19:30,476,1.6,13.1
2017-03-14 19:45,476,1.8,13.1
2017-03-14 20:00,476,1.8,13.0
2017-03-14 20:15,476,1.6,13.0
2017-03-14 20:30,475,1.6,13.0
2017-03-14 20:45,475,1.7,13.0
2017-03-14 21:00,475,1.4,12.9
2017-03-14 21:15,475,1.3,12.9
2017-03-14 21:30,475,1.5,12.9
2017-03-14 21:45,475,1.4,12.8
2017-03-14 22:00,475,1.5,12.8
2017-03-14 22:15,476,1.4,12.8
2017-03-14 22:30,476,1.7,12.8
2017-03-14 22:45,476,1.5,12.7
2017-03-14 23:00,477,1.6,12.7
2017-03-14 23:15,479,1.5,12.7
2017-03-14 23:30,482,1.8,12.7
2017-03-14 23:45,481,1.6,12.6
2017-03-15 00:00,479,1.4,12.6
2017-03-15 00:15,478,1.5,12.6
2017-03-15 00:30,478,1.4,12.6
2017-03-15 00:45,477,1.5,12.6
2017-03-15 01:00,482,1.4,12.5
2017-03-15 01:15,483,NaN,12.5
2017-03-15 01:30,477,1.2,12.5
2017-03-15 01:45,481,1.6,12.5
2017-03-15 02:00,481,1.2,12.5
2017-03-15 02:15,482,1.2,12.4
2017-03-15 02:30,479,1.2,12.4
2017-03-15 02:45,479,1.3,12.4
2017-03-15 03:00,480,1.3,12.4
2017-03-15 03:15,480,1.3,12.4
2017-03-15 03:30,481,1.3,12.4
2017-03-15 03:45,482,1.4,12.3
2017-03-15 04:00,493,1.2,12.3
2017-03-15 04:15,492,1.3,12.3
2017-03-15 04:30,488,1.1,12.3
2017-03-15 04:45,487,1.6,12.3
2017-03-15 05:00,494,1.2,12.3
2017-03-15 05:15,492,1.1,12.3
2017-03-15 05:30,489,1.2,12.2
2017-03-15 05:45,492,1.1,12.2
2017-03-15 06:00,493,1.5,12.2
2017-03-15 06:15,493,1.1,12.2
2017-03-15 06:30,494,1.1,12.2
2017-03-15 06:45,495,1.3,12.2
2017-03-15 07:00,490,1.2,12.2
2017-03-15 07:15,494,1.3,12.2
2017-03-15 07:30,494,1.2,12.2
2017-03-15 07:45,495,1.2,12.2
2017-03-15 08:00,495,1.2,12.2
2017-03-15 08:15,495,1.3,12.2
2017-03-15 08:30,496,1.4,12.3
2017-03-15 08:45,496,1.4,12.3
2017-03-15 09:00,495,1.7,12.4
2017-03-15 09:15,496,1.5,12.4
2017-03-15 09:30,496,1.6,12.5
2017-03-15 09:45,496,1.7,12.5
2017-03-15 10:00,496,1.8,12.6
2017-03-15 10:15,496,1.8,12.7
2017-03-15 10:30,495,1.8,12.8
2017-03-15 10:45,495,1.5,12.8
2017-03-15 11:00,497,1.8,12.9
2017-03-15 11:15,497,1.7,13.0
2017-03-15 11:30,497,1.7,13.0
2017-03-15 11:45,498,1.7,13.1
2017-03-15 12:00,497,2.0,13.1
2017-03-15 12:15,499,1.7,13.2
2017-03-15 12:30,499,2.0,13.3
2017-03-15 12:45,499,1.7,13.3
2017-03-15 13:00,500,1.7,13.4
2017-03-15 13:15,501,1.5,13.5
2017-03-15 13:30,501,1.5,13.5
2017-03-15 13:45,501,1.6,13.6
2017-03-15 14:00,502,1.7,13.6
2017-03-15 14:15,502,1.9,13.6
2017-03-15 14:30,501,1.8,13.7
2017-03-15 14:45,501,2.0,13.7
2017-03-15 15:00,502,2.2,13.8
2017-03-15 15:15,504,2.1,13.8
2017-03-15 15:30,504,1.9,13.8
2017-03-15 15:45,504,2.3,13.9
2017-03-15 16:00,504,2.0,13.9
2017-03-15 16:15,505,2.5,13.9
2017-03-15 16:30,505,2.7,14.0
2017-03-15 16:45,505,2.3,14.0
2017-03-15 17:00,506,2.5,14.0
2017-03-15 17:15,506,2.0,14.0
2017-03-15 17:30,506,1.8,14.0
2017-03-15 17:45,506,2.0,14.0
2017-03-15 18:00,506,2.1,14.0
2017-03-15 18:15,507,1.8,14.0
2017-03-15 18:30,507,2.1,13.9
2017-03-15 18:45,507,2.1,13.9
2017-03-15 19:00,508,1.9,13.9
2017-03-15 19:15,508,2.2,13.8
2017-03-15 19:30,508,1.8,13.8
2017-03-15 19:45,507,2.2,13.8
2017-03-15 20:00,508,2.2,13.7
2017-03-15 20:15,509,2.2,13.7
2017-03-15 20:30,512,2.1,13.6
2017-03-15 20:45,509,2.0,13.6
2017-03-15 21:00,509,2.0,13.6
2017-03-15 21:15,505,2.0,13.5
2017-03-15 21:30,506,2.4,13.5
2017-03-15 21:45,502,1.8,13.5
2017-03-15 22:00,510,1.7,13.4
2017-03-15 22:15,506,1.8,13.4
2017-03-15 22:30,513,1.8,13.4
2017-03-15 22:45,513,2.1,13.3
2017-03-15 23:00,510,1.7,13.3
2017-03-15 23:15,514,1.7,13.3
2017-03-15 23:30,511,1.4,13.3
2017-03-15 23:45,511,1.6,13.2
2017-03-16 00:00,512,1.4,13.2
2017-03-16 00:15,513,1.4,13.2
2017-03-16 00:30,514,1.4,13.2
2017-03-16 00:45,514,1.4,13.1
2017-03-16 01:00,515,1.4,13.1
2017-03-16 01:15,516,1.4,13.1
2017-03-16 01:30,517,1.4,13.1
2017-03-16 01:45,519,1.9,13.0
2017-03-16 02:00,516,1.4,13.0
2017-03-16 02:15,518,1.4,13.0
2017-03-16 02:30,519,1.3,13.0
2017-03-16 02:45,519,1.2,12.9
2017-03-16 03:00,518,1.3,12.9
2017-03-16 03:15,519,1.3,12.9
2017-03-16 03:30,518,1.3,12.9
2017-03-16 03:45,518,1.1,12.9
2017-03-16 04:00,520,1.5,12.9
2017-03-16 04:15,520,1.3,12.9
2017-03-16 04:30,519,1.4,12.8
2017-03-16 04:45,519,1.5,12.8
2017-03-16 05:00,518,1.4,12.8
2017-03-16 05:15,518,1.3,12.8
2017-03-16 05:30,517,1.3,12.8
2017-03-16 05:45,517,1.4,12.8
2017-03-16 06:00,517,1.2,12.8
2017-03-16 06:15,516,1.2,12.8
2017-03-16 06:30,515,1.2,12.7
2017-03-16 06:45,514,1.3,12.7
2017-03-16 07:00,514,1.2,12.7
2017-03-16 07:15,513,1.2,12.7
2017-03-16 07:30,513,1.2,12.7
2017-03-16 07:45,512,1.2,12.7
2017-03-16 08:00,512,1.2,12.7
2017-03-16 08:15,512,1.2,12.7
2017-03-16 08:30,511,1.1,12.7
2017-03-16 08:45,511,1.2,12.7
2017-03-16 09:00,510,1.2,12.7
2017-03-16 09:15,508,1.7,12.8
2017-03-16 09:30,508,1.5,12.8
2017-03-16 09:45,508,1.8,12.9
2017-03-16 10:00,507,1.6,12.9
2017-03-16 10:15,506,1.5,13.0
2017-03-16 10:30,506,1.4,13.0
2017-03-16 10:45,505,1.6,13.1
2017-03-16 11:00,504,2.2,13.1
2017-03-16 11:15,503,2.0,13.2
2017-03-16 11:30,501,1.7,13.2
2017-03-16 11:45,501,1.4,13.3
2017-03-16 12:00,500,1.4,13.3
2017-03-16 12:15,500,1.1,13.4
2017-03-16 12:30,499,1.3,13.4
2017-03-16 12:45,499,1.6,13.4
2017-03-16 13:00,498,1.6,13.5
2017-03-16 13:15,498,1.4,13.5
2017-03-16 13:30,497,1.7,13.6
2017-03-16 13:45,496,1.5,13.6
2017-03-16 14:00,496,1.8,13.6
2017-03-16 14:15,495,1.4,13.7
2017-03-16 14:30,495,1.5,13.7
2017-03-16 14:45,494,1.6,13.7
2017-03-16 15:00,494,1.6,13.8
2017-03-16 15:15,494,1.3,13.8
2017-03-16 15:30,493,1.7,13.8
2017-03-16 15:45,493,1.5,13.8
2017-03-16 16:00,492,1.4,13.8
2017-03-16 16:15,492,1.3,13.9
2017-03-16 16:30,492,1.2,13.9
2017-03-16 16:45,491,1.7,13.9
2017-03-16 17:00,491,1.7,13.9
2017-03-16 17:15,491,1.3,13.9
2017-03-16 17:30,490,2.1,13.8
2017-03-16 17:45,490,1.5,13.8
2017-03-16 18:00,490,1.5,13.8
2017-03-16 18:15,490,1.3,13.8
2017-03-16 18:30,489,1.5,13.8
2017-03-16 18:45,490,1.4,13.7
2017-03-16 19:00,489,1.5,13.7
2017-03-16 19:15,489,1.4,13.7
2017-03-16 19:30,489,1.5,13.6
2017-03-16 19:45,489,1.5,13.6
2017-03-16 20:00,489,1.6,13.5
2017-03-16 20:15,489,1.5,13.5
2017-03-16 20:30,490,1.6,13.4
2017-03-16 20:45,489,1.8,13.4
2017-03-16 21:00,490,1.7,13.3
2017-03-16 21:15,489,1.8,13.3
2017-03-16 21:30,488,1.7,13.3
2017-03-16 21:45,487,1.8,13.2
2017-03-16 22:00,487,1.9,13.2
2017-03-16 22:15,487,1.6,13.1
2017-03-16 22:30,487,2.5,13.1
2017-03-16 22:45,487,1.6,13.1
2017-03-16 23:00,488,1.8,13.0
2017-03-16 23:15,487,2.5,13.0
2017-03-16 23:30,487,2.0,12.9
2017-03-16 23:45,488,1.8,12.9
2017-03-17 00:00,488,1.9,12.9
2017-03-17 00:15,489,1.9,12.8
2017-03-17 00:30,489,1.9,12.8
2017-03-17 00:45,486,1.9,12.8
2017-03-17 01:00,487,1.8,12.7
2017-03-17 01:15,485,1.9,12.7
2017-03-17 01:30,485,1.7,12.7
2017-03-17 01:45,485,1.8,12.7
2017-03-17 02:00,485,4.1,12.6
2017-03-17 02:15,485,2.4,12.6
2017-03-17 02:30,485,1.9,12.6
2017-03-17 02:45,485,2.7,12.6
2017-03-17 03:00,485,1.9,12.5
2017-03-17 03:15,485,2.1,12.5
2017-03-17 03:30,485,2.2,12.5
2017-03-17 03:45,485,1.8,12.5
2017-03-17 04:00,485,1.6,12.5
2017-03-17 04:15,486,1.6,12.5
2017-03-17 04:30,485,1.6,12.4
2017-03-17 04:45,486,1.9,12.4
2017-03-17 05:00,485,1.6,12.4
2017-03-17 05:15,485,1.4,12.4
2017-03-17 05:30,485,1.5,12.4
2017-03-17 05:45,485,1.4,12.4
2017-03-17 06:00,485,1.5,12.4
2017-03-17 06:15,486,1.4,12.4
2017-03-17 06:30,483,2.7,12.4
2017-03-17 06:45,483,1.3,12.4
2017-03-17 07:00,483,1.4,12.4
2017-03-17 07:15,483,1.4,12.4
2017-03-17 07:30,483,1.4,12.3
2017-03-17 07:45,483,1.5,12.3
2017-03-17 08:00,483,1.5,12.4
2017-03-17 08:15,483,1.4,12.4
2017-03-17 08:30,483,1.5,12.4
2017-03-17 08:45,482,1.7,12.4
2017-03-17 09:00,483,1.6,12.5
2017-03-17 09:15,483,2.0,12.5
2017-03-17 09:30,482,1.8,12.5
2017-03-17 09:45,482,1.8,12.6
2017-03-17 10:00,482,2.0,12.6
2017-03-17 10:15,482,1.8,12.7
2017-03-17 10:30,482,1.7,12.7
2017-03-17 10:45,482,2.9,12.8
2017-03-17 11:00,482,1.7,12.8
2017-03-17 11:15,481,1.8,12.9
2017-03-17 11:30,481,2.0,13.0
2017-03-17 11:45,481,1.9,13.0
2017-03-17 12:00,481,3.2,13.1
2017-03-17 12:15,481,1.8,13.1
2017-03-17 12:30,481,1.8,13.2
2017-03-17 12:45,480,2.1,13.2
2017-03-17 13:00,481,1.7,13.3
2017-03-17 13:15,480,1.7,13.3
2017-03-17 13:30,480,1.8,13.4
2017-03-17 13:45,480,1.7,13.4
2017-03-17 14:00,480,1.5,13.4
2017-03-17 14:15,479,1.7,13.5
2017-03-17 14:30,479,1.5,13.5
2017-03-17 14:45,479,1.7,13.5
2017-03-17 15:00,480,1.8,13.5
2017-03-17 15:15,480,1.6,13.5
2017-03-17 15:30,479,1.4,13.5
2017-03-17 15:45,479,1.6,13.6
2017-03-17 16:00,479,1.6,13.6
2017-03-17 16:15,479,1.8,13.6
2017-03-17 16:30,479,1.7,13.6
2017-03-17 16:45,479,1.5,13.6
2017-03-17 17:00,479,1.5,13.6
2017-03-17 17:15,479,1.5,13.6
2017-03-17 17:30,479,1.4,13.6
2017-03-17 17:45,479,2.3,13.6
2017-03-17 18:00,479,2.8,13.5
2017-03-17 18:15,479,1.5,13.5
2017-03-17 18:30,478,1.8,13.5
2017-03-17 18:45,478,1.6,13.4
2017-03-17 19:00,478,1.5,13.4
2017-03-17 19:15,477,1.6,13.4
2017-03-17 19:30,477,1.8,13.3
2017-03-17 19:45,477,1.8,13.3
2017-03-17 20:00,477,1.7,13.3
2017-03-17 20:15,477,1.8,13.2
2017-03-17 20:30,476,1.8,13.2
2017-03-17 20:45,476,2.1,13.2
2017-03-17 21:00,476,1.7,13.1
2017-03-17 21:15,476,1.7,13.1
2017-03-17 21:30,475,1.7,13.0
2017-03-17 21:45,475,1.8,13.0
2017-03-17 22:00,475,1.8,13.0
2017-03-17 22:15,475,2.0,12.9
2017-03-17 22:30,474,1.7,12.9
2017-03-17 22:45,474,2.2,12.8
2017-03-17 23:00,474,1.8,12.8
2017-03-17 23:15,474,1.9,12.7
2017-03-17 23:30,473,1.8,12.7
2017-03-17 23:45,473,2.0,12.6
2017-03-18 00:00,473,1.7,12.6
2017-03-18 00:15,473,1.6,12.5
2017-03-18 00:30,472,2.0,12.5
2017-03-18 00:45,472,1.7,12.5
2017-03-18 01:00,473,3.9,12.4
2017-03-18 01:15,473,2.1,12.4
2017-03-18 01:30,473,2.0,12.4
2017-03-18 01:45,473,1.8,12.3
2017-03-18 02:00,474,1.9,12.3
2017-03-18 02:15,474,2.1,12.3
2017-03-18 02:30,474,1.8,12.2
2017-03-18 02:45,474,2.0,12.2
2017-03-18 03:00,474,2.1,12.2
2017-03-18 03:15,474,1.8,12.1
2017-03-18 03:30,474,1.8,12.1
2017-03-18 03:45,474,1.9,12.1
2017-03-18 04:00,474,3.1,12.1
2017-03-18 04:15,474,2.0,12.1
2017-03-18 04:30,474,1.8,12.0
2017-03-18 04:45,474,1.7,12.0
2017-03-18 05:00,474,2.0,12.0
2017-03-18 05:15,474,1.9,12.0
2017-03-18 05:30,474,1.8,12.0
2017-03-18 05:45,474,1.8,11.9
2017-03-18 06:00,474,1.9,11.9
2017-03-18 06:15,473,1.8,11.9
2017-03-18 06:30,473,1.7,11.9
2017-03-18 06:45,473,1.8,11.9
2017-03-18 07:00,473,2.1,11.8
2017-03-18 07:15,473,1.9,11.8
2017-03-18 07:30,473,2.0,11.8
2017-03-18 07:45,473,1.9,11.8
2017-03-18 08:00,473,1.9,11.8
2017-03-18 08:15,473,2.0,11.8
2017-03-18 08:30,473,2.0,11.8
2017-03-18 08:45,473,2.2,11.8
2017-03-18 09:00,473,2.1,11.8
2017-03-18 09:15,473,2.0,11.9
2017-03-18 09:30,472,1.9,11.9
2017-03-18 09:45,472,1.9,12.0
2017-03-18 10:00,472,2.2,12.0
2017-03-18 10:15,472,2.3,12.1
2017-03-18 10:30,472,1.7,12.1
2017-03-18 10:45,472,2.2,12.2
2017-03-18 11:00,471,1.8,12.3
2017-03-18 11:15,471,2.0,12.3
2017-03-18 11:30,471,2.0,12.4
2017-03-18 11:45,471,1.6,12.5
2017-03-18 12:00,471,1.6,12.5
2017-03-18 12:15,471,1.7,12.6
2017-03-18 12:30,471,1.6,12.7
2017-03-18 12:45,470,1.6,12.7
2017-03-18 13:00,471,1.5,12.8
2017-03-18 13:15,471,2.5,12.9
2017-03-18 13:30,470,3.2,12.9
2017-03-18 13:45,470,2.8,13.0
2017-03-18 14:00,470,1.8,13.0
2017-03-18 14:15,470,2.6,13.0
2017-03-18 14:30,471,1.7,13.0
2017-03-18 14:45,471,1.7,13.0
2017-03-18 15:00,471,1.9,13.0
2017-03-18 15:15,471,2.1,13.1
2017-03-18 15:30,471,1.8,13.1
2017-03-18 15:45,471,1.8,13.2
2017-03-18 16:00,472,1.9,13.2
2017-03-18 16:15,472,2.1,13.2
2017-03-18 16:30,472,2.7,13.1
2017-03-18 16:45,471,2.0,13.1
2017-03-18 17:00,468,2.8,13.0
2017-03-18 17:15,469,3.1,12.9
2017-03-18 17:30,469,3.4,12.9
2017-03-18 17:45,470,3.3,12.9
2017-03-18 18:00,469,2.8,12.8
2017-03-18 18:15,468,3.4,12.8
2017-03-18 18:30,467,3.8,12.7
2017-03-18 18:45,466,4.0,12.6
2017-03-18 19:00,464,4.1,12.6
2017-03-18 19:15,462,4.9,12.5
2017-03-18 19:30,458,5.7,12.4
2017-03-18 19:45,455,8.0,12.3
2017-03-18 20:00,452,7.2,12.2
2017-03-18 20:15,450,7.8,12.1
2017-03-18 20:30,449,10.8,12.1
2017-03-18 20:45,448,13.5,12.0
2017-03-18 21:00,446,18.0,12.0
2017-03-18 21:15,445,21.2,11.9
2017-03-18 21:30,443,22.6,11.8
2017-03-18 21:45,441,21.4,11.8
2017-03-18 22:00,439,20.5,11.7
2017-03-18 22:15,438,20.1,11.7
2017-03-18 22:30,437,14.6,11.7
2017-03-18 22:45,437,14.3,11.6
2017-03-18 23:00,438,13.1,11.6
2017-03-18 23:15,438,11.8,11.6
2017-03-18 23:30,438,11.5,11.5
2017-03-18 23:45,438,10.8,11.5
2017-03-19 00:00,438,10.2,11.5
2017-03-19 00:15,438,9.6,11.4
2017-03-19 00:30,438,9.4,11.4
2017-03-19 00:45,444,8.7,11.4
2017-03-19 01:00,440,8.7,11.3
2017-03-19 01:15,441,9.1,11.3
2017-03-19 01:30,442,9.3,11.3
2017-03-19 01:45,441,10.1,11.2
2017-03-19 02:00,440,9.6,11.2
2017-03-19 02:15,439,9.8,11.2
2017-03-19 02:30,437,10.3,11.1
2017-03-19 02:45,435,11.2,11.1
2017-03-19 03:00,432,9.8,11.1
2017-03-19 03:15,431,9.9,11.1
2017-03-19 03:30,430,10.3,11.0
2017-03-19 03:45,429,9.0,11.0
2017-03-19 04:00,429,8.4,11.0
2017-03-19 04:15,429,8.4,11.0
2017-03-19 04:30,429,9.3,11.0
2017-03-19 04:45,430,8.5,10.9
2017-03-19 05:00,430,8.4,10.9
2017-03-19 05:15,431,8.2,10.9
2017-03-19 05:30,431,9.4,10.9
2017-03-19 05:45,433,13.4,10.9
2017-03-19 06:00,434,16.0,10.9
2017-03-19 06:15,436,17.5,10.9
2017-03-19 06:30,439,18.3,10.9
2017-03-19 06:45,444,15.2,10.9
2017-03-19 07:00,447,15.3,10.9
2017-03-19 07:15,447,11.5,10.9
2017-03-19 07:30,449,12.1,10.9
2017-03-19 07:45,449,10.2,10.9
2017-03-19 08:00,450,9.8,11.0
2017-03-19 08:15,451,8.5,11.0
2017-03-19 08:30,452,8.2,11.0
2017-03-19 08:45,452,8.3,11.0
2017-03-19 09:00,453,7.8,11.1
2017-03-19 09:15,453,7.6,11.1
2017-03-19 09:30,454,6.7,11.1
2017-03-19 09:45,454,6.4,11.2
2017-03-19 10:00,455,6.3,11.2
2017-03-19 10:15,455,6.0,11.3
2017-03-19 10:30,455,6.0,11.3
2017-03-19 10:45,456,6.0,11.4
2017-03-19 11:00,456,5.7,11.4
2017-03-19 11:15,456,5.6,11.5
2017-03-19 11:30,456,5.9,11.5
2017-03-19 11:45,455,5.4,11.6
2017-03-19 12:00,455,5.5,11.6
2017-03-19 12:15,455,5.3,11.6
2017-03-19 12:30,454,5.7,11.6
2017-03-19 12:45,454,5.2,11.7
2017-03-19 13:00,453,4.8,11.7
2017-03-19 13:15,452,4.7,11.8
2017-03-19 13:30,452,5.9,11.9
2017-03-19 13:45,451,5.2,11.9
2017-03-19 14:00,450,4.5,12.0
2017-03-19 14:15,449,4.3,12.0
2017-03-19 14:30,448,4.4,12.1
2017-03-19 14:45,447,4.6,12.1
2017-03-19 15:00,446,4.5,12.1
2017-03-19 15:15,445,4.4,12.2
2017-03-19 15:30,445,4.5,12.2
2017-03-19 15:45,445,4.6,12.2
2017-03-19 16:00,444,4.9,12.2
2017-03-19 16:15,444,5.1,12.2
2017-03-19 16:30,444,4.4,12.3
2017-03-19 16:45,444,5.8,12.3
2017-03-19 17:00,445,4.5,12.3
2017-03-19 17:15,444,4.1,12.3
2017-03-19 17:30,445,4.6,12.3
2017-03-19 17:45,445,3.9,12.3
2017-03-19 18:00,446,4.1,12.3
2017-03-19 18:15,446,4.0,12.3
2017-03-19 18:30,448,4.1,12.3
2017-03-19 18:45,446,4.4,12.2
2017-03-19 19:00,447,4.5,12.2
2017-03-19 19:15,447,4.5,12.1
2017-03-19 19:30,448,4.0,12.1
2017-03-19 19:45,448,3.8,12.0
2017-03-19 20:00,448,3.8,12.0
2017-03-19 20:15,448,3.8,11.9
2017-03-19 20:30,452,4.2,11.8
2017-03-19 20:45,450,4.4,11.8
2017-03-19 21:00,451,4.2,11.7
2017-03-19 21:15,451,4.3,11.7
2017-03-19 21:30,448,4.1,11.7
2017-03-19 21:45,450,4.3,11.6
2017-03-19 22:00,447,4.1,11.6
2017-03-19 22:15,447,4.2,11.5
2017-03-19 22:30,446,4.4,11.5
2017-03-19 22:45,451,5.3,11.5
2017-03-19 23:00,444,4.7,11.4
2017-03-19 23:15,444,4.0,11.4
2017-03-19 23:30,443,4.1,11.3
2017-03-19 23:45,443,4.9,11.3
2017-03-20 00:00,442,4.7,11.3
2017-03-20 00:15,441,4.0,11.2
2017-03-20 00:30,441,4.7,11.2
2017-03-20 00:45,441,4.1,11.2
2017-03-20 01:00,440,5.6,11.1
2017-03-20 01:15,440,4.2,11.1
2017-03-20 01:30,439,4.5,11.1
2017-03-20 01:45,443,3.8,11.1
2017-03-20 02:00,444,3.7,11.0
2017-03-20 02:15,444,4.2,11.0
2017-03-20 02:30,438,5.2,11.0
2017-03-20 02:45,437,3.9,10.9
2017-03-20 03:00,437,NaN,10.9
2017-03-20 03:15,437,NaN,10.9
2017-03-20 03:30,443,NaN,10.9
2017-03-20 03:45,442,3.6,10.9
2017-03-20 04:00,438,3.5,10.8
2017-03-20 04:15,438,3.7,10.8
2017-03-20 04:30,438,3.6,10.8
2017-03-20 04:45,438,3.6,10.8
2017-03-20 05:00,438,3.7,10.8
2017-03-20 05:15,438,3.6,10.7
2017-03-20 05:30,438,3.7,10.7
2017-03-20 05:45,438,3.8,10.7
2017-03-20 06:00,437,3.5,10.7
2017-03-20 06:15,438,3.8,10.7
2017-03-20 06:30,438,3.6,10.7
2017-03-20 06:45,437,3.2,10.7
2017-03-20 07:00,437,3.1,10.7
2017-03-20 07:15,441,3.1,10.7
2017-03-20 07:30,439,3.3,10.7
2017-03-20 07:45,439,3.6,10.7
2017-03-20 08:00,441,3.1,10.8
2017-03-20 08:15,442,3.1,10.8
2017-03-20 08:30,442,3.0,10.8
2017-03-20 08:45,442,3.1,10.9
2017-03-20 09:00,442,2.9,11.0
2017-03-20 09:15,442,2.7,11.0
2017-03-20 09:30,442,2.8,11.1
2017-03-20 09:45,442,2.7,11.2
2017-03-20 10:00,442,2.6,11.2
2017-03-20 10:15,442,2.6,11.3
2017-03-20 10:30,442,2.5,11.4
2017-03-20 10:45,442,2.4,11.5
2017-03-20 11:00,443,2.3,11.6
2017-03-20 11:15,443,2.3,11.7
2017-03-20 11:30,443,2.3,11.8
2017-03-20 11:45,443,2.4,11.8
2017-03-20 12:00,443,2.3,11.9
2017-03-20 12:15,443,2.3,12.0
2017-03-20 12:30,443,2.3,12.1
2017-03-20 12:45,439,2.2,12.1
2017-03-20 13:00,439,2.5,12.2
2017-03-20 13:15,439,2.3,12.2
2017-03-20 13:30,439,2.2,12.3
2017-03-20 13:45,440,2.3,12.3
2017-03-20 14:00,440,2.4,12.4
2017-03-20 14:15,440,2.3,12.4
2017-03-20 14:30,441,2.2,12.5
2017-03-20 14:45,441,2.2,12.5
2017-03-20 15:00,439,2.1,12.6
2017-03-20 15:15,439,2.2,12.6
2017-03-20 15:30,441,2.4,12.6
2017-03-20 15:45,444,2.3,12.7
2017-03-20 16:00,445,2.4,12.7
2017-03-20 16:15,446,2.4,12.7
2017-03-20 16:30,445,2.6,12.7
2017-03-20 16:45,446,2.4,12.7
2017-03-20 17:00,447,2.3,12.7
2017-03-20 17:15,446,2.5,12.7
2017-03-20 17:30,447,2.1,12.7
2017-03-20 17:45,447,2.4,12.7
2017-03-20 18:00,447,2.2,12.7
2017-03-20 18:15,448,2.2,12.6
2017-03-20 18:30,448,2.6,12.6
2017-03-20 18:45,449,2.2,12.5
2017-03-20 19:00,450,2.3,12.5
2017-03-20 19:15,450,2.3,12.4
2017-03-20 19:30,451,2.4,12.3
2017-03-20 19:45,449,2.3,12.2
2017-03-20 20:00,452,2.5,12.1
2017-03-20 20:15,446,2.5,12.1
2017-03-20 20:30,447,2.9,12.0
2017-03-20 20:45,447,2.7,11.9
2017-03-20 21:00,448,2.7,11.8
2017-03-20 21:15,448,2.9,11.8
2017-03-20 21:30,449,3.0,11.7
2017-03-20 21:45,450,3.1,11.6
2017-03-20 22:00,450,3.5,11.6
2017-03-20 22:15,451,3.1,11.5
2017-03-20 22:30,451,3.3,11.5
2017-03-20 22:45,451,3.2,11.4
2017-03-20 23:00,452,3.4,11.3
2017-03-20 23:15,453,2.9,11.3
2017-03-20 23:30,453,2.8,11.2
2017-03-20 23:45,454,2.9,11.2
2017-03-21 00:00,454,2.9,11.1
2017-03-21 00:15,455,3.0,11.1
2017-03-21 00:30,455,3.0,11.0
2017-03-21 00:45,455,3.1,11.0
2017-03-21 01:00,456,3.2,10.9
2017-03-21 01:15,456,2.9,10.9
2017-03-21 01:30,456,3.0,10.8
2017-03-21 01:45,456,2.8,10.8
2017-03-21 02:00,457,2.9,10.7
2017-03-21 02:15,457,2.7,10.7
2017-03-21 02:30,457,2.6,10.6
2017-03-21 02:45,458,2.8,10.6
2017-03-21 03:00,458,2.9,10.6
2017-03-21 03:15,458,2.7,10.5
2017-03-21 03:30,458,3.0,10.5
2017-03-21 03:45,458,2.6,10.4
2017-03-21 04:00,458,4.1,10.4
2017-03-21 04:15,459,3.0,10.4
2017-03-21 04:30,459,3.3,10.3
2017-03-21 04:45,459,2.5,10.3
2017-03-21 05:00,459,2.9,10.2
2017-03-21 05:15,459,2.7,10.2
2017-03-21 05:30,459,2.6,10.2
2017-03-21 05:45,460,3.0,10.2
2017-03-21 06:00,462,3.3,10.2
2017-03-21 06:15,463,2.6,10.1
2017-03-21 06:30,463,2.6,10.1
2017-03-21 06:45,465,2.8,10.1
2017-03-21 07:00,465,2.5,10.1
2017-03-21 07:15,464,2.5,10.1
2017-03-21 07:30,464,3.0,10.1
2017-03-21 07:45,463,2.5,10.1
2017-03-21 08:00,464,2.4,10.1
2017-03-21 08:15,464,2.3,10.1
2017-03-21 08:30,464,2.1,10.1
2017-03-21 08:45,464,2.3,10.1
2017-03-21 09:00,464,1.9,10.1
2017-03-21 09:15,463,1.9,10.2
2017-03-21 09:30,464,2.0,10.2
2017-03-21 09:45,463,1.8,10.2
2017-03-21 10:00,464,1.8,10.3
2017-03-21 10:15,464,2.0,10.4
2017-03-21 10:30,463,2.6,10.5
2017-03-21 10:45,463,1.7,10.6
2017-03-21 11:00,463,1.7,10.7
2017-03-21 11:15,463,1.7,10.8
2017-03-21 11:30,462,1.6,10.9
2017-03-21 11:45,462,1.5,11.0
2017-03-21 12:00,462,1.4,11.1
2017-03-21 12:15,462,1.5,11.2
2017-03-21 12:30,462,1.5,11.3
2017-03-21 12:45,461,1.4,11.4
2017-03-21 13:00,461,1.5,11.4
2017-03-21 13:15,461,1.7,11.5
2017-03-21 13:30,460,1.5,11.6
2017-03-21 13:45,460,1.4,11.7
2017-03-21 14:00,460,1.5,11.8
2017-03-21 14:15,459,1.4,11.8
2017-03-21 14:30,459,1.5,11.9
2017-03-21 14:45,459,1.7,11.9
2017-03-21 15:00,458,1.8,12.0
2017-03-21 15:15,458,1.7,12.1
2017-03-21 15:30,458,1.6,12.1
2017-03-21 15:45,457,1.8,12.1
2017-03-21 16:00,457,1.6,12.2
2017-03-21 16:15,457,1.5,12.2
2017-03-21 16:30,457,1.8,12.2
2017-03-21 16:45,456,1.8,12.2
2017-03-21 17:00,456,2.0,12.2
2017-03-21 17:15,456,1.8,12.2
2017-03-21 17:30,456,1.4,12.2
2017-03-21 17:45,456,1.9,12.1
2017-03-21 18:00,456,1.8,12.1
2017-03-21 18:15,456,1.8,12.0
2017-03-21 18:30,458,1.7,12.0
2017-03-21 18:45,456,2.0,11.9
2017-03-21 19:00,456,2.0,11.8
2017-03-21 19:15,456,2.0,11.8
2017-03-21 19:30,457,1.9,11.7
2017-03-21 19:45,457,1.9,11.6
2017-03-21 20:00,457,2.4,11.5
2017-03-21 20:15,457,2.2,11.4
2017-03-21 20:30,454,2.2,11.3
2017-03-21 20:45,455,2.8,11.3
2017-03-21 21:00,455,3.0,11.2
2017-03-21 21:15,455,2.9,11.1
2017-03-21 21:30,455,3.3,11.1
2017-03-21 21:45,454,2.9,11.0
2017-03-21 22:00,455,3.1,10.9
2017-03-21 22:15,455,2.9,10.9
2017-03-21 22:30,455,2.8,10.8
2017-03-21 22:45,456,2.6,10.7
2017-03-21 23:00,456,2.6,10.7
2017-03-21 23:15,456,2.6,10.6
2017-03-21 23:30,457,3.0,10.5
2017-03-21 23:45,457,3.5,10.5